{
  "2leep.com": [
    "2leep.com"
  ],
  "33Across": [
    "33across.com",
    "tynt.com"
  ],
  "365Media": [
    "365media.com",
    "aggregateintelligence.com"
  ],
  "4INFO": [
    "4info.com",
    "adhaven.com"
  ],
  "4mads": [
    "4mads.com"
  ],
  "63 Squares": [
    "63labs.com",
    "63squares.com",
    "i-stats.com"
  ],
  "Abax Interactive": [
    "abaxinteractive.com"
  ],
  "Accelia": [
    "accelia.net",
    "durasite.net"
  ],
  "Accordant Media": [
    "accordantmedia.com"
  ],
  "Acquisio": [
    "acquisio.com",
    "clickequations.net"
  ],
  "Actisens": [
    "actisens.com",
    "gestionpub.com"
  ],
  "ActiveConversion": [
    "activeconversion.com",
    "activemeter.com"
  ],
  "ActivEngage": [
    "activengage.com"
  ],
  "Act-On": [
    "act-on.com",
    "actonsoftware.com"
  ],
  "Acuity": [
    "acuity.com",
    "acuityads.com",
    "acuityplatform.com"
  ],
  "Acxiom": [
    "acxiom.com",
    "acxiomapac.com",
    "mm7.net",
    "pippio.com"
  ],
  "AD2ONE": [
    "ad2onegroup.com"
  ],
  "Ad4Game": [
    "ad4game.com"
  ],
  "ad6media": [
    "ad6media.fr"
  ],
  "Adabra": [
    "adabra.com"
  ],
  "Adality": [
    "adality.de",
    "adrtx.net"
  ],
  "AdaptiveAds": [
    "adaptiveads.com"
  ],
  "Adaptly": [
    "adaptly.com"
  ],
  "Adap.tv": [
    "adap.tv"
  ],
  "Adara Media": [
    "adaramedia.com",
    "opinmind.com",
    "yieldoptimizer.com"
  ],
  "Adatus": [
    "adatus.com"
  ],
  "Adbot": [
    "adbot.tw"
  ],
  "Adbrain": [
    "adbrain.com",
    "adbrn.com"
  ],
  "adBrite": [
    "adbrite.com"
  ],
  "Adbroker.de": [
    "adbroker.de"
  ],
  "Adchemy": [
    "adchemy.com"
  ],
  "AdCirrus": [
    "adcirrus.com"
  ],
  "Ad Decisive": [
    "a2dfp.net",
    "addecisive.com"
  ],
  "AddFreeStats": [
    "3dstats.com",
    "addfreestats.com"
  ],
  "addGloo": [
    "addgloo.com"
  ],
  "AddThis": [
    "addthis.com",
    "addthiscdn.com",
    "addthisedge.com",
    "clearspring.com",
    "connectedads.net",
    "xgraph.com",
    "xgraph.net"
  ],
  "Addvantage Media": [
    "addvantagemedia.com"
  ],
  "Ad Dynamo": [
    "addynamo.com",
    "addynamo.net"
  ],
  "Adelphic": [
    "adelphic.com",
    "ipredictive.com"
  ],
  "AdEngage": [
    "adengage.com"
  ],
  "AD Europe": [
    "adeurope.com"
  ],
  "AdExtent": [
    "adextent.com"
  ],
  "AdF.ly": [
    "adf.ly"
  ],
  "Adfonic": [
    "adfonic.com"
  ],
  "Adforge": [
    "adforgeinc.com"
  ],
  "Adform": [
    "adform.com",
    "adform.net",
    "adformdsp.net",
    "seadform.net"
  ],
  "AdFox": [
    "adfox.ru"
  ],
  "AdFrontiers": [
    "adfrontiers.com"
  ],
  "Adfunky": [
    "adfunky.com",
    "adfunkyserver.com"
  ],
  "Adfusion": [
    "adfusion.com"
  ],
  "AdGainerSolutions": [
    "adgainersolutions.com"
  ],
  "AdGear": [
    "adgear.com",
    "adgrx.com",
    "bloom-hq.com",
    "runadtag.com"
  ],
  "AdGent Digital": [
    "adgentdigital.com",
    "shorttailmedia.com"
  ],
  "AdGibbon": [
    "adgibbon.com"
  ],
  "Adglare": [
    "adglare.com",
    "adglare.net"
  ],
  "adhood": [
    "adhood.com"
  ],
  "Adiant": [
    "adblade.com",
    "adiant.com"
  ],
  "AdInsight": [
    "adinsight.com",
    "adinsight.eu",
    "responsetap.com"
  ],
  "AdIQuity": [
    "adiquity.com"
  ],
  "ADITION": [
    "adition.com"
  ],
  "AdJug": [
    "adjug.com"
  ],
  "AdJuggler": [
    "adjuggler.com",
    "adjuggler.net"
  ],
  "Adjust": [
    "adjust.com"
  ],
  "AdKeeper": [
    "adkeeper.com",
    "akncdn.com",
    "keep.com"
  ],
  "AdKernel": [
    "adkernel.com"
  ],
  "Ad Knife": [
    "adknife.com"
  ],
  "Adknowledge": [
    "adknowledge.com",
    "adparlor.com",
    "bidsystem.com",
    "cubics.com",
    "lookery.com"
  ],
  "AdLantis": [
    "adimg.net",
    "adlantis.jp",
    "www.adlantis.jp"
  ],
  "AdLeave": [
    "adleave.com"
  ],
  "Adlibrium": [
    "adlibrium.com"
  ],
  "Adloox": [
    "adloox.com",
    "adlooxtracking.com"
  ],
  "Adlucent": [
    "adlucent.com"
  ],
  "Ad Magnet": [
    "admagnet.com",
    "admagnet.net"
  ],
  "Admarketplace": [
    "admarketplace.com",
    "admarketplace.net",
    "ampxchange.com"
  ],
  "AdMarvel": [
    "admarvel.com"
  ],
  "AdMatrix": [
    "admatrix.jp"
  ],
  "AdMaven": [
    "ad-maven.com",
    "agreensdistra.info",
    "boudja.com",
    "rensovetors.info",
    "wrethicap.info"
  ],
  "AdMaximizer Network": [
    "admaximizer.com"
  ],
  "AdMedia": [
    "admedia.com"
  ],
  "Admedo": [
    "admedo.com"
  ],
  "Admeta": [
    "admeta.com",
    "atemda.com"
  ],
  "Admicro": [
    "admicro.vn",
    "vcmedia.vn"
  ],
  "Admixer": [
    "admixer.co.kr"
  ],
  "Admized": [
    "admized.com"
  ],
  "Admobile": [
    "admobile.com"
  ],
  "Admotion": [
    "admotion.com",
    "nspmotion.com"
  ],
  "Adnetik": [
    "adnetik.com",
    "wtp101.com"
  ],
  "AdNetwork.net": [
    "adnetwork.net"
  ],
  "Adnium": [
    "adnium.com",
    "montwam.top"
  ],
  "adnologies": [
    "adnologies.com",
    "heias.com"
  ],
  "Adobe": [
    "2o7.net",
    "adobe.com",
    "auditude.com",
    "demdex.com",
    "demdex.net",
    "dmtracker.com",
    "efrontier.com",
    "everestads.net",
    "everestjs.net",
    "everesttech.net",
    "fyre.co",
    "hitbox.com",
    "livefyre.com",
    "omniture.com",
    "omtrdc.net",
    "touchclarity.com",
    "typekit.com"
  ],
  "AdOcean": [
    "adocean-global.com",
    "adocean.pl"
  ],
  "Adometry": [
    "adometry.com",
    "dmtry.com"
  ],
  "Adomik": [
    "adomik.com"
  ],
  "AdOnion": [
    "adonion.com"
  ],
  "ADOP": [
    "adop.cc"
  ],
  "Adorika": [
    "clickotmedia.com"
  ],
  "Adotmob": [
    "adotmob.com"
  ],
  "ADP Dealer Services": [
    "admission.net",
    "adpdealerservices.com",
    "cdkglobal.com",
    "cobalt.com"
  ],
  "ad pepper media": [
    "adpepper.com",
    "adpepper.us"
  ],
  "AdPerfect": [
    "adperfect.com"
  ],
  "Adperium": [
    "adperium.com"
  ],
  "Adpersia": [
    "adpersia.com"
  ],
  "adPrecision": [
    "adprecision.net",
    "adprs.net",
    "aprecision.net"
  ],
  "AdPredictive": [
    "adpredictive.com"
  ],
  "AdReactor": [
    "adreactor.com"
  ],
  "AdRevolution": [
    "adrevolution.com"
  ],
  "AdRiver": [
    "adriver.ru"
  ],
  "AdRoll": [
    "adroll.com"
  ],
  "adscale": [
    "adscale.de",
    "stroeer.de"
  ],
  "Adscience": [
    "adscience.nl"
  ],
  "AdScore": [
    "adsco.re"
  ],
  "AdServerPub": [
    "adserverpub.com"
  ],
  "AdShuffle": [
    "adshuffle.com"
  ],
  "AdSide": [
    "adside.com",
    "doclix.com"
  ],
  "AdSpeed": [
    "adspeed.com",
    "adspeed.net"
  ],
  "Adsperity": [
    "adsperity.com"
  ],
  "AdSpirit": [
    "adspirit.com",
    "adspirit.de",
    "adspirit.net"
  ],
  "Adsrevenue.net": [
    "adsrevenue.net"
  ],
  "AdStir": [
    "ad-stir.com"
  ],
  "AdsTours": [
    "adstours.com",
    "clickintext.net"
  ],
  "Adsty": [
    "adsty.com",
    "adx1.com"
  ],
  "Adsupply": [
    "4dsply.com",
    "adsupply.com"
  ],
  "Adswizz": [
    "adswizz.com"
  ],
  "ADTECH": [
    "adtech.com",
    "adtech.de",
    "adtechus.com"
  ],
  "Adtegrity.com": [
    "adtegrity.com",
    "adtegrity.net"
  ],
  "ADTELLIGENCE": [
    "adtelligence.de"
  ],
  "AdTelligent": [
    "vertamedia.com"
  ],
  "Adthink": [
    "adthink.com",
    "audienceinsights.net"
  ],
  "AdTiger": [
    "adtiger.de"
  ],
  "AdTruth": [
    "adtruth.com"
  ],
  "Adult AdWorld": [
    "adultadworld.com"
  ],
  "Adultmoda": [
    "adultmoda.com"
  ],
  "Adventive": [
    "adventive.com"
  ],
  "Adventori": [
    "adventori.com"
  ],
  "Adverline": [
    "adnext.fr",
    "adverline.com"
  ],
  "Adversal.com": [
    "adv-adserver.com",
    "adversal.com"
  ],
  "Adverticum": [
    "adsmart.com",
    "adverticum.com",
    "adverticum.net"
  ],
  "Advertise.com": [
    "advertise.com"
  ],
  "AdvertiseSpace": [
    "advertisespace.com"
  ],
  "Advert Stream": [
    "advertstream.com"
  ],
  "Advisor Media": [
    "advisormedia.cz"
  ],
  "Adworx": [
    "adworx.at",
    "adworx.be",
    "adworx.nl"
  ],
  "AdXpansion": [
    "adxpansion.com"
  ],
  "Adxvalue": [
    "adxvalue.com",
    "adxvalue.de"
  ],
  "adyard": [
    "adyard.de"
  ],
  "AdYield": [
    "adyield.com"
  ],
  "AdYouLike": [
    "adyoulike.com",
    "omnitagjs.com",
    "pulpix.com"
  ],
  "ADZ": [
    "adzcentral.com"
  ],
  "Adzerk": [
    "adzerk.com",
    "adzerk.net"
  ],
  "adzly": [
    "adzly.com"
  ],
  "Aegis Group": [
    "aemedia.com",
    "bluestreak.com",
    "dentsuaegisnetwork.com"
  ],
  "AERIFY MEDIA": [
    "aerifymedia.com",
    "anonymous-media.com"
  ],
  "Affectv": [
    "affectv.co.uk"
  ],
  "affilinet": [
    "affili.net",
    "affilinet-inside.de",
    "banner-rotation.com",
    "successfultogether.co.uk"
  ],
  "Affine": [
    "affine.tv",
    "affinesystems.com"
  ],
  "Affinity": [
    "affinity.com"
  ],
  "AfterDownload": [
    "afdads.com",
    "afterdownload.com"
  ],
  "aidata": [
    "advombat.ru",
    "aidata.io",
    "aidata.me"
  ],
  "Aim4Media": [
    "aim4media.com"
  ],
  "Airpush": [
    "airpush.com"
  ],
  "AivaLabs": [
    "aivalabs.com"
  ],
  "a.js": [
    "alflying.date",
    "alflying.win",
    "anybest.site",
    "flightsy.bid",
    "flightsy.win",
    "flightzy.bid",
    "flightzy.date",
    "flightzy.win",
    "zymerget.bid",
    "zymerget.faith"
  ],
  "AK": [
    "aggregateknowledge.com",
    "agkn.com"
  ],
  "Akamai": [
    "abmr.net",
    "akamai.com",
    "edgesuite.net",
    "go-mpulse.net",
    "imiclk.com"
  ],
  "AKQA": [
    "akqa.com",
    "srtk.net"
  ],
  "Albacross": [
    "albacross.com"
  ],
  "AllStarMediaGroup": [
    "allstarmediagroup.com"
  ],
  "Aloodo": [
    "aloodo.com"
  ],
  "AlterGeo": [
    "altergeo.ru"
  ],
  "Amadesa": [
    "amadesa.com"
  ],
  "Amazing Counters": [
    "amazingcounters.com"
  ],
  "Amazon.com": [
    "alexa.com",
    "alexametrics.com",
    "amazon-adsystem.com",
    "amazon.ca",
    "amazon.co.jp",
    "amazon.co.uk",
    "amazon.com",
    "amazon.de",
    "amazon.es",
    "amazon.fr",
    "amazon.it",
    "amazonaws.com",
    "assoc-amazon.com",
    "cloudfront.net",
    "ssl-images-amazon.com"
  ],
  "Ambient Digital": [
    "adnetwork.vn",
    "ambientdigital.com.vn"
  ],
  "Amobee": [
    "adconion.com",
    "amgdgt.com",
    "amobee.com",
    "euroclick.com",
    "smartclip.com",
    "turn.com"
  ],
  "Amplitude": [
    "amplitude.com"
  ],
  "AndBeyond": [
    "andbeyond.media"
  ],
  "anormal-media.de": [
    "anormal-media.de",
    "anormal-tracker.de",
    "primawebtools.de"
  ],
  "Answers.com": [
    "dsply.com"
  ],
  "AOL": [
    "5min.com",
    "adsonar.com",
    "adtechjp.com",
    "advertising.com",
    "aim.com",
    "aol.com",
    "aolcdn.com",
    "aolcloud.net",
    "atwola.com",
    "editions.com",
    "leadback.com",
    "mapquest.com",
    "patch.com",
    "shortcuts.com",
    "shoutcast.com",
    "spinner.com",
    "surphace.com",
    "tacoda.net",
    "userplane.com",
    "vidible.tv",
    "winamp.com"
  ],
  "AppCast": [
    "appcast.io"
  ],
  "Appenda": [
    "appenda.com"
  ],
  "AppFlood": [
    "appflood.com"
  ],
  "Appier": [
    "appier.com",
    "appier.net"
  ],
  "Applifier": [
    "applifier.com"
  ],
  "Applovin": [
    "applovin.com"
  ],
  "AppNexus": [
    "adlantic.nl",
    "adnxs.com",
    "adrdgt.com",
    "appnexus.com"
  ],
  "AppsFlyer": [
    "appsflyer.com"
  ],
  "appssavvy": [
    "appssavvy.com"
  ],
  "Arkwrights Homebrew": [
    "arkwrightshomebrew.com",
    "ctasnet.com",
    "whiskyandwines.com"
  ],
  "Atedra": [
    "atedra.com"
  ],
  "AT Internet": [
    "at-o.net",
    "atinternet.com",
    "hit-parade.com",
    "xiti.com"
  ],
  "ATN": [
    "affiliatetracking.com"
  ],
  "Atoomic.com": [
    "atoomic.com"
  ],
  "Atrinsic": [
    "atrinsic.com"
  ],
  "AT&T": [
    "att.com",
    "yp.com"
  ],
  "Attracta": [
    "attracta.com"
  ],
  "Audience2Media": [
    "audience2media.com"
  ],
  "Audience Ad Network": [
    "audienceadnetwork.com"
  ],
  "AudienceScience": [
    "audiencescience.com",
    "revsci.net",
    "targetingmarketplace.com",
    "wunderloop.net"
  ],
  "AuditedMedia": [
    "aamapi.com",
    "aamsitecertifier.com",
    "auditedmedia.com"
  ],
  "Augme": [
    "augme.com",
    "hipcricket.com"
  ],
  "Augur": [
    "augur.io"
  ],
  "AUTOCENTRE.UA": [
    "am.ua",
    "autocentre.ua"
  ],
  "Automattic": [
    "automattic.com",
    "gravatar.com",
    "intensedebate.com",
    "polldaddy.com",
    "pubmine.com"
  ],
  "Avalanchers": [
    "avalanchers.com"
  ],
  "AvantLink": [
    "avantlink.com",
    "avmws.com"
  ],
  "AvidMedia": [
    "adspdbl.com",
    "avidglobalmedia.com",
    "avidglobalmedia.eu",
    "metadsp.co.uk"
  ],
  "Avocet": [
    "avocet.io"
  ],
  "Avsads": [
    "avsads.com"
  ],
  "AWeber": [
    "aweber.com"
  ],
  "Awin": [
    "awin.com",
    "digitalwindow.com",
    "dwin1.com",
    "perfiliate.com"
  ],
  "Awio": [
    "awio.com",
    "w3counter.com",
    "w3roi.com"
  ],
  "Azet": [
    "azet.sk",
    "azetklik.sk",
    "mediaimpact.sk",
    "rsz.sk"
  ],
  "BackBeat Media": [
    "backbeatmedia.com"
  ],
  "Baidu": [
    "baidu.com",
	"baidu.cn",
	"bdstatic.com",
	"baidupcs.com",
	"baiducontent.com",
	"bdimg.com",
	"bcebos.com",
	"baidustatic.com",
	"mipcdn.com",
	"tiebaimg.com",
	"tieba.com",
	"baidu.co.th",
	"baike.com"
  ],
  "Bannerconnect": [
    "bannerconnect.net"
  ],
  "Barilliance": [
    "barilliance.com"
  ],
  "BaronsNetworks": [
    "baronsoffers.com"
  ],
  "Batanga Network": [
    "batanga.com",
    "batanganetwork.com",
    "vix.com"
  ],
  "Baynote": [
    "baynote.com",
    "baynote.net"
  ],
  "BBC": [
    "bbc.com",
    "bbc.co.uk",
    "bbci.co.uk"
  ],
  "Bazaarvoice": [
    "bazaarvoice.com"
  ],
  "BeachFront": [
    "beachfront.com"
  ],
  "Beanstock Media": [
    "beanstockmedia.com"
  ],
  "beencounter": [
    "beencounter.com"
  ],
  "Begun": [
    "begun.ru"
  ],
  "belboon": [
    "adbutler.de",
    "belboon.com"
  ],
  "Belstat": [
    "belstat.be",
    "belstat.com",
    "belstat.de",
    "belstat.fr",
    "belstat.nl"
  ],
  "Betgenius": [
    "betgenius.com",
    "connextra.com"
  ],
  "BetssonPalantir": [
    "betssonpalantir.com"
  ],
  "BetweenDigital": [
    "betweendigital.com"
  ],
  "Bidfluence": [
    "bidfluence.com"
  ],
  "Bidr": [
    "bidr.io"
  ],
  "BidSwitch": [
    "bidswitch.net",
    "mfadsrvr.com"
  ],
  "Bidtellect": [
    "bidtellect.com",
    "bttrack.com"
  ],
  "BidVertiser": [
    "bidvertiser.com"
  ],
  "BigClick": [
    "bgclck.me",
    "xcvgdf.party"
  ],
  "BigDoor": [
    "bigdoor.com",
    "onetruefan.com"
  ],
  "bigmirnet": [
    "bigmir.net"
  ],
  "BinLayer": [
    "binlayer.com"
  ],
  "Bitcoin Plus": [
    "bitcoinplus.com"
  ],
  "BitMedia": [
    "bitmedia.io"
  ],
  "BittAds": [
    "bittads.com"
  ],
  "Bizo": [
    "bizo.com",
    "bizographics.com"
  ],
  "Black Label Ads": [
    "blacklabelads.com"
  ],
  "BlogCatalog": [
    "blogcatalog.com"
  ],
  "BlogCounter.com": [
    "blogcounter.de"
  ],
  "BlogFrog": [
    "theblogfrog.com"
  ],
  "BlogHer": [
    "blogher.com",
    "blogherads.com"
  ],
  "BlogRollr": [
    "blogrollr.com"
  ],
  "BloomReach": [
    "bloomreach.com",
    "brcdn.com",
    "brsrvr.com"
  ],
  "BlueCava": [
    "bluecava.com"
  ],
  "BlueKai": [
    "bkrtx.com",
    "bluekai.com",
    "tracksimple.com"
  ],
  "Bluemetrix": [
    "bluemetrix.com",
    "bmmetrix.com"
  ],
  "Blu Trumpet": [
    "blutrumpet.com"
  ],
  "Bombora": [
    "ml314.com"
  ],
  "Boo-Box": [
    "boo-box.com"
  ],
  "BoostBox": [
    "boostbox.com.br"
  ],
  "Bouncex": [
    "bounceexchange.com",
    "bouncex.com",
    "bouncex.net"
  ],
  "Brainient": [
    "brainient.com"
  ],
  "Branch": [
    "branch.io"
  ],
  "Brand Affinity Technologies": [
    "brandaffinity.net"
  ],
  "Brandcrumb": [
    "brandcrumb.com"
  ],
  "Brand.net": [
    "brand.net"
  ],
  "Brandscreen": [
    "brandscreen.com",
    "rtbidder.net"
  ],
  "Branica": [
    "branica.com"
  ],
  "BreakTime": [
    "breaktime.com.tw"
  ],
  "Bridgewell": [
    "scupio.com"
  ],
  "Brightcove": [
    "brightcove.com"
  ],
  "BrightEdge": [
    "b0e8.com",
    "brightedge.com"
  ],
  "BrightRoll": [
    "brightroll.com",
    "btrll.com"
  ],
  "BrightTag": [
    "brighttag.com",
    "btstatic.com",
    "thebrighttag.com"
  ],
  "Brilig": [
    "brilig.com"
  ],
  "Browser-Update.org": [
    "browser-update.org"
  ],
  "BTBuckets": [
    "btbuckets.com"
  ],
  "Bubblestat": [
    "bubblestat.com"
  ],
  "BuckSense": [
    "bucksense.com"
  ],
  "Buffer": [
    "bufferapp.com"
  ],
  "Bunchball": [
    "bunchball.com"
  ],
  "Burstly": [
    "burstly.com"
  ],
  "Burst Media": [
    "burstbeacon.com",
    "burstdirectads.com",
    "burstmedia.com",
    "burstnet.com",
    "giantrealm.com"
  ],
  "BusinessOnline": [
    "businessol.com"
  ],
  "Button": [
    "usebutton.com"
  ],
  "buySAFE": [
    "buysafe.com"
  ],
  "BuySellAds": [
    "beaconads.com",
    "buysellads.com"
  ],
  "Buysight": [
    "buysight.com",
    "permuto.com",
    "pulsemgr.com"
  ],
  "BuzzFeed": [
    "buzzfed.com",
    "buzzfeed.com"
  ],
  "BuzzParadise": [
    "buzzparadise.com"
  ],
  "BV! MEDIA": [
    "branchez-vous.com",
    "bvmedia.ca",
    "networldmedia.com",
    "networldmedia.net"
  ],
  "c1exchange": [
    "c1exchange.com"
  ],
  "C3 Metrics": [
    "attributionmodel.com",
    "c3metrics.com",
    "c3tag.com"
  ],
  "Cadreon": [
    "cadreon.com"
  ],
  "CallSource": [
    "leadtrackingdata.com"
  ],
  "CampaignGrid": [
    "campaigngrid.com"
  ],
  "CAPITALDATA": [
    "capitaldata.fr"
  ],
  "Carambola": [
    "carambo.la"
  ],
  "Caraytech": [
    "caraytech.com.ar",
    "e-planning.net",
    "www.caraytech.com.ar"
  ],
  "Cardlytics": [
    "cardlytics.com"
  ],
  "Cart.ro": [
    "cart.ro",
    "statistics.ro"
  ],
  "CartsGuru": [
    "carts.guru"
  ],
  "Casale Media": [
    "casalemedia.com",
    "medianet.com"
  ],
  "CashBeet": [
    "cashbeet.com",
    "serv1swork.com"
  ],
  "Causes": [
    "causes.com"
  ],
  "Cbox": [
    "cbox.ws"
  ],
  "CBproADS": [
    "cbproads.com"
  ],
  "CBS Interactive": [
    "cbsinteractive.com",
    "com.com"
  ],
  "Cedato": [
    "cedato.com"
  ],
  "Cedexis": [
    "cedexis.com",
    "cedexis.net"
  ],
  "Certona": [
    "certona.com",
    "res-x.com"
  ],
  "Chango": [
    "chango.ca",
    "chango.com"
  ],
  "ChannelAdvisor": [
    "channeladvisor.com",
    "searchmarketing.com"
  ],
  "Channel Intelligence": [
    "channelintelligence.com"
  ],
  "Chartbeat": [
    "chartbeat.com",
    "chartbeat.net"
  ],
  "Chartboost": [
    "chartboost.com"
  ],
  "CheckM8": [
    "checkm8.com"
  ],
  "Chitika": [
    "chitika.com",
    "chitika.net"
  ],
  "ChoiceStream": [
    "choicestream.com"
  ],
  "Choozle": [
    "choozle.com"
  ],
  "ClearLink": [
    "clearlink.com"
  ],
  "ClearSaleing": [
    "clearsaleing.com",
    "csdata1.com",
    "csdata2.com",
    "csdata3.com"
  ],
  "Clearsearch Media": [
    "clearsearchmedia.com",
    "csm-secure.com",
    "pathinteractive.com"
  ],
  "ClearSight Interactive": [
    "clearsightinteractive.com",
    "csi-tracking.com"
  ],
  "ClickAider": [
    "clickaider.com"
  ],
  "Clickayab": [
    "clickyab.com"
  ],
  "Clickbooth": [
    "adtoll.com",
    "clickbooth.com"
  ],
  "Clickdensity": [
    "clickdensity.com"
  ],
  "ClickDimensions": [
    "clickdimensions.com"
  ],
  "ClickDistrict": [
    "clickdistrict.com",
    "creative-serving.com"
  ],
  "ClickFrog": [
    "bashirian.biz",
    "buckridge.link",
    "clickfrog.ru",
    "franecki.net",
    "quitzon.net",
    "reichelcormier.bid",
    "wisokykulas.bid"
  ],
  "ClickFuel": [
    "clickfuel.com",
    "conversiondashboard.com",
    "myconversionlab.com"
  ],
  "ClickGuard": [
    "clickguard.com"
  ],
  "ClickInc": [
    "clickinc.com"
  ],
  "Clicksor": [
    "clicksor.com",
    "clicksor.net"
  ],
  "ClickTale": [
    "clicktale.com",
    "clicktale.net",
    "pantherssl.com"
  ],
  "ClickTripz": [
    "clicktripz.com"
  ],
  "Clickwinks": [
    "clickwinks.com"
  ],
  "ClicManager": [
    "clicmanager.fr"
  ],
  "ClipSyndicate": [
    "clipsyndicate.com"
  ],
  "ClixMetrix": [
    "clixmetrix.com"
  ],
  "Clixpy": [
    "clixpy.com"
  ],
  "Clixtell": [
    "clixtell.com"
  ],
  "Clove Network": [
    "clovenetwork.com"
  ],
  "ClustrMaps": [
    "clustrmaps.com"
  ],
  "CNZZ": [
    "cnzz.com"
  ],
  "Cognitive Match": [
    "cmads.com.tw",
    "cmadsasia.com",
    "cmadseu.com",
    "cmmeglobal.com",
    "cognitivematch.com"
  ],
  "CoinHive": [
    "ad-miner.com",
    "authedmine.com",
    "bmst.pw",
    "cnhv.co",
    "coin-hive.com",
    "coinhive.com",
    "wsservices.org"
  ],
  "CoinPot": [
    "coinpot.co"
  ],
  "Collarity": [
    "collarity.com"
  ],
  "Collective": [
    "collective-media.net",
    "collective.com",
    "oggifinogi.com",
    "tumri.com",
    "tumri.net",
    "yt1187.net"
  ],
  "Commission Junction": [
    "apmebf.com",
    "awltovhc.com",
    "cj.com",
    "ftjcfx.com",
    "kcdwa.com",
    "qksz.com",
    "qksz.net",
    "tqlkg.com",
    "yceml.net"
  ],
  "Communicator Corp": [
    "communicatorcorp.com"
  ],
  "Compass Labs": [
    "compasslabs.com"
  ],
  "Complex Media": [
    "complex.com",
    "complexmedianetwork.com"
  ],
  "Compuware": [
    "axf8.net",
    "compuware.com",
    "dynatrace.com",
    "gomez.com"
  ],
  "comScore": [
    "adxpose.com",
    "certifica.com",
    "comscore.com",
    "mdotlabs.com",
    "proxilinks.com",
    "proximic.com",
    "proximic.net",
    "scorecardresearch.com",
    "sitestat.com",
    "voicefive.com"
  ],
  "Conduit": [
    "conduit-banners.com",
    "conduit-services.com",
    "conduit.com",
    "wibiya.com"
  ],
  "Congoo": [
    "congoo.com"
  ],
  "Connatix.com": [
    "connatix.com"
  ],
  "Connexity": [
    "connexity.com",
    "connexity.net",
    "pricegrabber.com"
  ],
  "Consilium Media": [
    "consiliummedia.com"
  ],
  "Consumable": [
    "consumable.com"
  ],
  "Contact At Once!": [
    "contactatonce.com"
  ],
  "ContactImpact": [
    "adrolays.com",
    "adrolays.de",
    "contactimpact.de",
    "df-srv.de"
  ],
  "CONTAXE": [
    "contaxe.com"
  ],
  "ContentABC": [
    "contentabc.com"
  ],
  "CONTEXTin": [
    "admailtiser.com",
    "contextin.com"
  ],
  "ContextuAds": [
    "agencytradingdesk.net",
    "contextuads.com"
  ],
  "CONTEXTWEB": [
    "contextweb.com"
  ],
  "ConvergeDirect": [
    "convergedirect.com",
    "convergetrack.com"
  ],
  "ConversantMedia": [
    "adserver.com",
    "conversantmedia.com",
    "dotomi.com",
    "dtmpub.com",
    "emjcd.com",
    "fastclick.com",
    "fastclick.net",
    "greystripe.com",
    "lduhtrp.net",
    "mediaplex.com",
    "valueclick.com",
    "valueclick.net",
    "valueclickmedia.com"
  ],
  "ConversionRuler": [
    "conversionruler.com"
  ],
  "Conversive": [
    "conversive.nl"
  ],
  "Convert Insights": [
    "convert.com",
    "reedge.com"
  ],
  "Convertro": [
    "convertro.com"
  ],
  "Conviva": [
    "conviva.com"
  ],
  "CoreMotives": [
    "coremotives.com"
  ],
  "Cox Digital Solutions": [
    "adify.com",
    "afy11.net",
    "coxdigitalsolutions.com",
    "novomotus.com"
  ],
  "CPMStar": [
    "cpmstar.com"
  ],
  "CPX Interactive": [
    "adreadypixels.com",
    "cpxadroit.com",
    "cpxinteractive.com"
  ],
  "Crazy Egg": [
    "cetrk.com",
    "crazyegg.com"
  ],
  "Creafi": [
    "creafi.com"
  ],
  "Crimtan": [
    "crimtan.com"
  ],
  "Crisp Media": [
    "crispmedia.com"
  ],
  "Criteo": [
    "criteo.com",
    "criteo.net",
    "hlserve.com",
    "hooklogic.com",
    "storetail.io"
  ],
  "Cross Pixel": [
    "crosspixel.net",
    "crosspixelmedia.com",
    "crsspxl.com"
  ],
  "Crowd Science": [
    "crowdscience.com"
  ],
  "CryptoLoot": [
    "cryptaloot.pro",
    "crypto-loot.com",
    "cryptolootminer.com",
    "flashx.pw",
    "gitgrub.pro",
    "reauthenticator.com",
    "statdynamic.com",
    "webmine.pro"
  ],
  "CryptoWebMiner": [
    "bitcoin-pay.eu",
    "crypto-webminer.com",
    "ethpocket.de",
    "ethtrader.de"
  ],
  "Curalate": [
    "curalate.com"
  ],
  "cXense": [
    "cxense.com",
    "emediate.biz",
    "emediate.com",
    "emediate.dk",
    "emediate.eu"
  ],
  "Cya2": [
    "cya2.net"
  ],
  "Cyberplex": [
    "cyberplex.com"
  ],
  "Dada": [
    "dada.eu",
    "dada.pro",
    "simply.com"
  ],
  "DailyMe": [
    "dailyme.com",
    "newstogram.com"
  ],
  "Dataium": [
    "collserve.com",
    "dataium.com",
    "ihs.com"
  ],
  "Datalogix": [
    "datalogix.com",
    "nexac.com",
    "nextaction.net"
  ],
  "DataSift": [
    "datasift.com",
    "tweetmeme.com"
  ],
  "DataXu": [
    "dataxu.com",
    "dataxu.net",
    "mexad.com",
    "w55c.net"
  ],
  "DatMean": [
    "aroa.io"
  ],
  "Datonics": [
    "datonics.com",
    "pro-market.net"
  ],
  "Datran Media": [
    "datranmedia.com",
    "displaymarketplace.com"
  ],
  "Datvantage": [
    "datvantage.com"
  ],
  "DC Storm": [
    "dc-storm.com",
    "stormiq.com"
  ],
  "Dedicated Media": [
    "dedicatedmedia.com",
    "dedicatednetworks.com"
  ],
  "Deep Intent": [
    "deepintent.com"
  ],
  "Delivr": [
    "delivr.com",
    "percentmobile.com"
  ],
  "Delta Projects": [
    "adaction.se",
    "de17a.com",
    "deltaprojects.com",
    "deltaprojects.se"
  ],
  "Demandbase": [
    "company-target.com",
    "demandbase.com"
  ],
  "Demand Media": [
    "demandmedia.com",
    "indieclick.com"
  ],
  "Deutsche Post DHL": [
    "adcloud.com",
    "adcloud.net",
    "dp-dhl.com",
    "dpdhl.com"
  ],
  "Developer Media": [
    "developermedia.com",
    "lqcdn.com"
  ],
  "DG": [
    "dgit.com",
    "eyeblaster.com",
    "eyewonder.com",
    "mdadx.com",
    "serving-sys.com",
    "unicast.com"
  ],
  "dianomi": [
    "dianomi.com"
  ],
  "Didit": [
    "did-it.com",
    "didit.com"
  ],
  "Digg": [
    "digg.com"
  ],
  "DigitalAdConsortium": [
    "impact-ad.jp"
  ],
  "DigitalRemedy": [
    "adready.com",
    "adreadytractions.com",
    "digitalremedy.com"
  ],
  "Digital River": [
    "digitalriver.com",
    "keywordmax.com",
    "netflame.cc"
  ],
  "Digital Target": [
    "digitaltarget.ru"
  ],
  "Digitize": [
    "digitize.ie"
  ],
  "DirectAdvert": [
    "directadvert.ru"
  ],
  "DirectCORP": [
    "directcorp.de",
    "ipcounter.de"
  ],
  "Direct Response Group": [
    "directresponsegroup.com",
    "ppctracking.net"
  ],
  "Directtrack": [
    "directtrack.com"
  ],
  "Disqus": [
    "disqus.com",
    "disqusads.com"
  ],
  "DistilNetworks": [
    "distilnetworks.com",
    "distiltag.com"
  ],
  "DistrictM": [
    "districtm.io"
  ],
  "dmpxs": [
    "dmpxs.com"
  ],
  "DoublePimp": [
    "doublepimp.com"
  ],
  "DoublePositive": [
    "bid-tag.com",
    "doublepositive.com"
  ],
  "DoubleVerify": [
    "doubleverify.com"
  ],
  "Drawbridge": [
    "adsymptotic.com",
    "drawbrid.ge",
    "drawbridge.com"
  ],
  "DS-IQ": [
    "ds-iq.com"
  ],
  "DSNR Group": [
    "dsnrgroup.com",
    "dsnrmg.com",
    "traffiliate.com",
    "z5x.com",
    "z5x.net"
  ],
  "dwstat.com": [
    "dwstat.cn"
  ],
  "DynAdmic": [
    "dynadmic.com",
    "dyntrk.com"
  ],
  "DynamicOxygen": [
    "dynamicoxygen.com",
    "exitjunction.com"
  ],
  "DynamicYield": [
    "dynamicyield.com"
  ],
  "Earnify": [
    "earnify.com"
  ],
  "eBay": [
    "ebay.com",
    "ebayimg.com",
    "ebaystatic.com"
  ],
  "Echo": [
    "aboutecho.com",
    "haloscan.com",
    "js-kit.com"
  ],
  "ECSAnalytics": [
    "ecsanalytics.com"
  ],
  "EFF": [
    "do-not-tracker.org",
    "eff.org",
    "eviltracker.net",
    "trackersimulator.org"
  ],
  "Effective Measure": [
    "effectivemeasure.com",
    "effectivemeasure.net"
  ],
  "ekolay": [
    "e-kolay.net",
    "ekolay.net",
    "hurriyet.com.tr"
  ],
  "Eleavers": [
    "eleavers.com"
  ],
  "Emego": [
    "usemax.de"
  ],
  "Emerse": [
    "emerse.com"
  ],
  "EMX": [
    "brealtime.com",
    "clearstream.tv",
    "emxdgt.com",
    "emxdigital.com"
  ],
  "Enecto": [
    "enecto.com"
  ],
  "engage:BDR": [
    "bnmla.com",
    "engagebdr.com"
  ],
  "Engago Technology": [
    "appmetrx.com",
    "engago.com"
  ],
  "Engine Network": [
    "enginenetwork.com"
  ],
  "Ensighten": [
    "ensighten.com"
  ],
  "Entireweb": [
    "entireweb.com"
  ],
  "Epic Media Group": [
    "epicadvertising.com",
    "epicmarketplace.com",
    "epicmobileads.com",
    "theepicmediagroup.com",
    "trafficmp.com"
  ],
  "eProof.com": [
    "eproof.com"
  ],
  "Epsilon": [
    "epsilon.com"
  ],
  "EQ Ads": [
    "eqads.com"
  ],
  "EroAdvertising": [
    "ero-advertising.com"
  ],
  "Eskimi": [
    "eskimi.com"
  ],
  "Etarget": [
    "etarget.net",
    "etargetnet.com"
  ],
  "Etineria": [
    "adwitserver.com",
    "etineria.com"
  ],
  "etracker": [
    "etracker.com",
    "etracker.de",
    "sedotracker.com",
    "sedotracker.de"
  ],
  "eTrigue": [
    "etrigue.com"
  ],
  "Eulerian Technologies": [
    "eulerian.com",
    "eulerian.net"
  ],
  "Evergage": [
    "mybuys.com",
    "veruta.com"
  ],
  "Everyday Health": [
    "everydayhealth.com",
    "waterfrontmedia.com"
  ],
  "Evisions Marketing": [
    "engineseeker.com",
    "evisionsmarketing.com"
  ],
  "Evolve": [
    "evolvemediacorp.com",
    "evolvemediametrics.com",
    "gorillanation.com"
  ],
  "eWayDirect": [
    "ewaydirect.com",
    "ixs1.net"
  ],
  "ewebse": [
    "777seo.com",
    "ewebse.com"
  ],
  "excitad": [
    "excitad.com"
  ],
  "eXelate": [
    "exelate.com",
    "exelator.com"
  ],
  "ExoClick": [
    "exoclick.com"
  ],
  "Exosrv": [
    "exosrv.com"
  ],
  "Experian": [
    "audienceiq.com",
    "experian.com"
  ],
  "expo-MAX": [
    "expo-max.com"
  ],
  "Exponential Interactive": [
    "adotube.com",
    "exponential.com",
    "fulltango.com",
    "tribalfusion.com"
  ],
  "Extension Factory": [
    "extensionfactory.com"
  ],
  "EXTENSIONS.RU": [
    "extensions.ru"
  ],
  "eXTReMe digital": [
    "extreme-dm.com",
    "extremetracking.com"
  ],
  "Eyeconomy": [
    "eyeconomy.co.uk",
    "eyeconomy.com",
    "sublimemedia.net",
    "www.eyeconomy.co.uk"
  ],
  "EyeNewton": [
    "eyenewton.ru"
  ],
  "Eyeota": [
    "eyeota.net"
  ],
  "eyeReturn Marketing": [
    "eyereturn.com",
    "eyereturnmarketing.com"
  ],
  "Eyeviewdigital": [
    "eyeviewads.com",
    "eyeviewdigital.com"
  ],
  "Facebook": [
    "apps.fbsbx.com",
    "atdmt.com",
    "atlassolutions.com",
    "facebook.com",
    "facebook.de",
    "facebook.fr",
    "facebook.net",
    "fb.com",
    "fb.me",
    "fbcdn.net",
    "fbsbx.com",
    "friendfeed.com",
    "instagram.com",
    "messenger.com"
  ],
  "Facilitate Digital": [
    "adsfac.eu",
    "adsfac.info",
    "adsfac.net",
    "adsfac.sg",
    "adsfac.us",
    "facilitatedigital.com"
  ],
  "Fairfax Media": [
    "fairfax.com.au",
    "fxj.com.au",
    "www.fxj.com.au"
  ],
  "faithadnet": [
    "faithadnet.com"
  ],
  "Fanplayr": [
    "fanplayr.com"
  ],
  "Fathom": [
    "fathomdelivers.com",
    "fathomseo.com"
  ],
  "Federated Media": [
    "federatedmedia.net",
    "fmpub.net",
    "hyfn.com",
    "lijit.com"
  ],
  "Feedjit": [
    "feedjit.com"
  ],
  "FetchBack": [
    "fetchback.com"
  ],
  "Fiksu": [
    "fiksu.com"
  ],
  "FinancialContent": [
    "financialcontent.com"
  ],
  "Fizz-Buzz Media": [
    "fizzbuzzmedia.com",
    "fizzbuzzmedia.net"
  ],
  "Flashtalking": [
    "encoremetrics.com",
    "flashtalking.com",
    "sitecompass.com"
  ],
  "Flattr": [
    "flattr.com"
  ],
  "Flite": [
    "flite.com",
    "widgetserver.com"
  ],
  "Flocktory": [
    "flocktory.com"
  ],
  "Fluct": [
    "adingo.jp",
    "fluct.jp"
  ],
  "Flytxt": [
    "flytxt.com"
  ],
  "Footprint": [
    "footprintlive.com"
  ],
  "Forbes": [
    "brandsideplatform.com",
    "forbes.com"
  ],
  "Foresee": [
    "answerscloud.com"
  ],
  "Fox One Stop Media": [
    "fimserve.com",
    "foxnetworks.com",
    "foxonestop.com",
    "mobsmith.com",
    "myads.com",
    "othersonline.com"
  ],
  "FreakOut": [
    "fout.jp"
  ],
  "Freedom Communications": [
    "freedom.com"
  ],
  "Free Online Users": [
    "freeonlineusers.com"
  ],
  "Free-PageRank.com": [
    "free-pagerank.com"
  ],
  "FreeWheel": [
    "freewheel.tv",
    "fwmrm.net",
    "stickyadstv.com"
  ],
  "FriendFinder Networks": [
    "adultfriendfinder.com",
    "ffn.com",
    "pop6.com"
  ],
  "Friends2Follow": [
    "friends2follow.com"
  ],
  "Frog Sex": [
    "double-check.com",
    "frogsex.com"
  ],
  "FuelX": [
    "fuel451.com"
  ],
  "Fullstory": [
    "fullstory.com"
  ],
  "Future Ads": [
    "futureads.com",
    "resultlinks.com"
  ],
  "FuturePlc": [
    "servebom.com"
  ],
  "Fyber": [
    "fyber.com"
  ],
  "Game Advertising Online": [
    "game-advertising-online.com"
  ],
  "Games2win": [
    "games2win.com",
    "inviziads.com"
  ],
  "Gamned": [
    "gamned.com"
  ],
  "Gannett": [
    "gannett.com",
    "pointroll.com"
  ],
  "GB-World": [
    "gb-world.net"
  ],
  "Gemius": [
    "gemius.com",
    "gemius.pl"
  ],
  "Genesis Media": [
    "genesismedia.com",
    "genesismediaus.com"
  ],
  "GENIEE": [
    "geniee.co.jp",
    "gssprt.jp"
  ],
  "GENIE GROUP": [
    "geniegroupltd.co.uk",
    "www.geniegroupltd.co.uk"
  ],
  "Genius.com": [
    "genius.com",
    "rsvpgenius.com"
  ],
  "GeoAds": [
    "geoads.com"
  ],
  "GetGlue": [
    "getglue.com",
    "smrtlnks.com"
  ],
  "GetIntent": [
    "adhigh.net",
    "getintent.com"
  ],
  "Get Satisfaction": [
    "getsatisfaction.com"
  ],
  "GetSiteControl": [
    "getsitecontrol.com"
  ],
  "GfK Group": [
    "daphnecm.com",
    "gfk.com",
    "gfkdaphne.com"
  ],
  "Gigya": [
    "gigcount.com",
    "gigya.com"
  ],
  "GISMAds": [
    "gismads.jp"
  ],
  "GitHub": [
    "gaug.es",
    "github.com"
  ],
  "Glam Media": [
    "glam.com",
    "glammedia.com"
  ],
  "Gleam": [
    "fraudjs.io",
    "gleam.io"
  ],
  "Global Takeoff": [
    "globaltakeoff.com",
    "globaltakeoff.net"
  ],
  "Globe7": [
    "globe7.com"
  ],
  "GMO": [
    "gmossp-sp.jp",
    "reemo-ad.jp"
  ],
  "Go Daddy": [
    "godaddy.com",
    "trafficfacts.com"
  ],
  "GoDataFeed": [
    "godatafeed.com"
  ],
  "GoGrid": [
    "datapipe.com",
    "formalyzer.com",
    "gogrid.com",
    "komli.net"
  ],
  "Goldbach": [
    "goldbach.com",
    "goldbachgroup.com"
  ],
  "GoldSpot Media": [
    "goldspotmedia.com"
  ],
  "Google": [
    "2mdn.net",
    "admeld.com",
    "admob.com",
    "apture.com",
    "blogger.com",
    "cc-dt.com",
    "crashlytics.com",
    "destinationurl.com",
    "doubleclick.net",
    "ggpht.com",
    "gmail.com",
    "gmodules.com",
    "google-analytics.com",
    "google.ac",
    "google.ad",
    "google.ae",
    "google.al",
    "google.am",
    "google.as",
    "google.at",
    "google.az",
    "google.ba",
    "google.be",
    "google.bf",
    "google.bg",
    "google.bi",
    "google.bj",
    "google.bs",
    "google.bt",
    "google.by",
    "google.ca",
    "google.cat",
    "google.cc",
    "google.cd",
    "google.cf",
    "google.cg",
    "google.ch",
    "google.ci",
    "google.cl",
    "google.cm",
    "google.cn",
    "google.co.ao",
    "google.co.bw",
    "google.co.ck",
    "google.co.cr",
    "google.co.id",
    "google.co.il",
    "google.co.in",
    "google.co.jp",
    "google.co.ke",
    "google.co.kr",
    "google.co.ls",
    "google.co.ma",
    "google.co.mz",
    "google.co.nz",
    "google.co.th",
    "google.co.tz",
    "google.co.ug",
    "google.co.uk",
    "google.co.uz",
    "google.co.ve",
    "google.co.vi",
    "google.co.za",
    "google.co.zm",
    "google.co.zw",
    "google.com",
    "google.com.af",
    "google.com.ag",
    "google.com.ai",
    "google.com.ar",
    "google.com.au",
    "google.com.bd",
    "google.com.bh",
    "google.com.bn",
    "google.com.bo",
    "google.com.br",
    "google.com.bz",
    "google.com.co",
    "google.com.cu",
    "google.com.cy",
    "google.com.do",
    "google.com.ec",
    "google.com.eg",
    "google.com.et",
    "google.com.fj",
    "google.com.gh",
    "google.com.gi",
    "google.com.gt",
    "google.com.hk",
    "google.com.jm",
    "google.com.kh",
    "google.com.kw",
    "google.com.lb",
    "google.com.lc",
    "google.com.ly",
    "google.com.mm",
    "google.com.mt",
    "google.com.mx",
    "google.com.my",
    "google.com.na",
    "google.com.nf",
    "google.com.ng",
    "google.com.ni",
    "google.com.np",
    "google.com.om",
    "google.com.pa",
    "google.com.pe",
    "google.com.pg",
    "google.com.ph",
    "google.com.pk",
    "google.com.pr",
    "google.com.py",
    "google.com.qa",
    "google.com.sa",
    "google.com.sb",
    "google.com.sg",
    "google.com.sl",
    "google.com.sv",
    "google.com.tj",
    "google.com.tn",
    "google.com.tr",
    "google.com.tw",
    "google.com.ua",
    "google.com.uy",
    "google.com.vc",
    "google.com.vn",
    "google.cv",
    "google.cz",
    "google.de",
    "google.dj",
    "google.dk",
    "google.dm",
    "google.dz",
    "google.ee",
    "google.es",
    "google.fi",
    "google.fm",
    "google.fr",
    "google.ga",
    "google.ge",
    "google.gf",
    "google.gg",
    "google.gl",
    "google.gm",
    "google.gp",
    "google.gr",
    "google.gy",
    "google.hn",
    "google.hr",
    "google.ht",
    "google.hu",
    "google.ie",
    "google.im",
    "google.io",
    "google.iq",
    "google.is",
    "google.it",
    "google.je",
    "google.jo",
    "google.kg",
    "google.ki",
    "google.kz",
    "google.la",
    "google.li",
    "google.lk",
    "google.lt",
    "google.lu",
    "google.lv",
    "google.md",
    "google.me",
    "google.mg",
    "google.mk",
    "google.ml",
    "google.mn",
    "google.ms",
    "google.mu",
    "google.mv",
    "google.mw",
    "google.ne",
    "google.nl",
    "google.no",
    "google.nr",
    "google.nu",
    "google.pl",
    "google.pn",
    "google.ps",
    "google.pt",
    "google.ro",
    "google.rs",
    "google.ru",
    "google.rw",
    "google.sc",
    "google.se",
    "google.sh",
    "google.si",
    "google.sk",
    "google.sm",
    "google.sn",
    "google.so",
    "google.st",
    "google.td",
    "google.tg",
    "google.tk",
    "google.tl",
    "google.tm",
    "google.tn",
    "google.to",
    "google.tt",
    "google.vg",
    "google.vu",
    "google.ws",
    "googleadservices.com",
	"googletagmanager.com",
    "googleapis.com",
    "googlemail.com",
    "googlesyndication.com",
    "googletagservices.com",
    "googleusercontent.com",
    "googlevideo.com",
    "gstatic.com",
    "invitemedia.com",
    "postrank.com",
    "recaptcha.net",
    "smtad.net",
    "youtube.com"
  ],
  "GoSquared": [
    "gosquared.com"
  ],
  "GoStats": [
    "gostats.com"
  ],
  "Grapeshot": [
    "grapeshot.co.uk",
    "www.grapeshot.co.uk"
  ],
  "GrapheneMedia": [
    "graphenedigitalanalytics.in"
  ],
  "Graphnium": [
    "crm4d.com"
  ],
  "Gravity": [
    "gravity.com",
    "grvcdn.com"
  ],
  "Gridcash": [
    "adless.io",
    "gridcash.net"
  ],
  "Grocery Shopping Network": [
    "groceryshopping.net"
  ],
  "GroovinAds": [
    "groovinads.com"
  ],
  "Gruner + Jahr": [
    "guj.de",
    "ligatus.com"
  ],
  "GTop": [
    "arenaweb.ro",
    "gtop.ro",
    "gtopstats.com"
  ],
  "GumGum": [
    "gumgum.com"
  ],
  "Gunggo": [
    "gunggo.com"
  ],
  "Hands Mobile": [
    "hands.com.br",
    "www.hands.com.br"
  ],
  "Harrenmedia": [
    "harrenmedia.com",
    "harrenmedianetwork.com"
  ],
  "HealthPricer": [
    "adacado.com",
    "healthpricer.com"
  ],
  "Hearst": [
    "hearst.com",
    "ic-live.com",
    "iclive.com",
    "icrossing.com",
    "raasnet.com",
    "redaril.com",
    "sptag.com",
    "sptag1.com",
    "sptag2.com",
    "sptag3.com"
  ],
  "Heyzap": [
    "heyzap.com"
  ],
  "HilltopAds": [
    "hilltopads.com",
    "hilltopads.net",
    "shoporielder.pro"
  ],
  "Hi-media": [
    "comclick.com",
    "hi-media.com",
    "himediagroup.com"
  ],
  "Histats": [
    "histats.com"
  ],
  "HitsLink": [
    "hitslink.com"
  ],
  "Hit Sniffer": [
    "hitsniffer.com"
  ],
  "Horyzon Media": [
    "horyzon-media.com"
  ],
  "HotelChamp": [
    "hotelchamp.com"
  ],
  "Hotjar": [
    "hotjar.com"
  ],
  "HotMart": [
    "hotmart.com"
  ],
  "HOTWords": [
    "hotwords.com",
    "hotwords.es"
  ],
  "HP": [
    "hp.com",
    "optimost.com"
  ],
  "Httpool": [
    "httpool.com"
  ],
  "HubSpot": [
    "hs-analytics.net",
    "hubspot.com"
  ],
  "HUNT Mobile Ads": [
    "huntmads.com"
  ],
  "Hurra.com": [
    "hurra.com"
  ],
  "IAB": [
    "digitru.st"
  ],
  "IAC": [
    "iac.com",
    "iacadvertising.com"
  ],
  "iBehavior": [
    "i-behavior.com",
    "ib-ibi.com"
  ],
  "IBM": [
    "cmcore.com",
    "coremetrics.com",
    "ibm.com",
    "unica.com",
    "xtify.com"
  ],
  "ID5": [
    "id5-sync.com"
  ],
  "IDG": [
    "idg.com",
    "idgtechnetwork.com"
  ],
  "ie8eamus": [
    "ie8eamus.com"
  ],
  "iEntry": [
    "600z.com",
    "ientry.com"
  ],
  "IgnitAd": [
    "ignitad.com"
  ],
  "IgnitionOne": [
    "ignitionone.com",
    "ignitionone.net",
    "searchignite.com"
  ],
  "iMedia": [
    "imedia.cz"
  ],
  "Improve Digital": [
    "360yield.com",
    "improvedigital.com"
  ],
  "Inadco": [
    "anadcoads.com",
    "inadco.com",
    "inadcoads.com"
  ],
  "InboundWriter": [
    "enquisite.com",
    "inboundwriter.com"
  ],
  "IndexExchange": [
    "indexexchange.com"
  ],
  "Infectious Media": [
    "impressiondesk.com",
    "infectiousmedia.com"
  ],
  "Infernotions": [
    "infernotions.com"
  ],
  "Inflection Point Media": [
    "inflectionpointmedia.com"
  ],
  "Infogroup": [
    "infogroup.com"
  ],
  "Infolinks": [
    "infolinks.com"
  ],
  "INFOnline": [
    "infonline.de",
    "ioam.de",
    "ivwbox.de"
  ],
  "InfoStars": [
    "hotlog.ru",
    "infostars.ru"
  ],
  "Infra-Ad": [
    "infra-ad.com"
  ],
  "InMobi": [
    "aerserv.com",
    "inmobi.com",
    "sproutinc.com"
  ],
  "inneractive": [
    "inner-active.com"
  ],
  "Innity": [
    "innity.com"
  ],
  "InsightExpress": [
    "insightexpress.com",
    "insightexpressai.com"
  ],
  "InSkin Media": [
    "inskinmedia.com"
  ],
  "Inspectlet": [
    "inspectlet.com"
  ],
  "Instinctive": [
    "instinctive.io",
    "instinctiveads.com"
  ],
  "Integral Ad Science": [
    "adsafemedia.com",
    "adsafeprotected.com",
    "iasds01.com",
    "integralads.com"
  ],
  "IntelligenceFocus": [
    "domodomain.com",
    "intelligencefocus.com",
    "leadchampion.com"
  ],
  "Intent Media": [
    "intentmedia.com",
    "intentmedia.net"
  ],
  "Intergi": [
    "intergi.com"
  ],
  "Intermarkets": [
    "intermarkets.net"
  ],
  "Intermundo Media": [
    "intermundomedia.com"
  ],
  "Internet Brands": [
    "ibpxl.com",
    "internetbrands.com"
  ],
  "Interpolls": [
    "interpolls.com"
  ],
  "IntimateMerger": [
    "im-apps.net"
  ],
  "Inuvo": [
    "inuvo.com"
  ],
  "InvestingChannel": [
    "investingchannel.com"
  ],
  "iovation": [
    "iesnare.com",
    "iovation.com"
  ],
  "iPerceptions": [
    "iperceptions.com"
  ],
  "IponWeb": [
    "fg8dgt.com",
    "iponweb.com",
    "iponweb.net"
  ],
  "iPROM": [
    "centraliprom.com",
    "iprom.net",
    "iprom.si",
    "mediaiprom.com"
  ],
  "iPromote": [
    "ipromote.com"
  ],
  "iProspect": [
    "clickmanage.com",
    "iprospect.com"
  ],
  "ISI Technologies": [
    "adversalservers.com",
    "digbro.com"
  ],
  "IslayTech": [
    "islay.tech"
  ],
  "ismatlab.com": [
    "ismatlab.com"
  ],
  "Itch": [
    "itch.io"
  ],
  "ItIsATracker": [
    "itisatracker.com"
  ],
  "I.UA": [
    "i.ua"
  ],
  "Jaroop": [
    "jaroop.com"
  ],
  "JasperLabs": [
    "jasperlabs.com"
  ],
  "Jemm": [
    "jemmgroup.com"
  ],
  "Jink": [
    "jink.de",
    "jinkads.com"
  ],
  "Jirbo": [
    "adcolony.com",
    "jirbo.com"
  ],
  "Jivox": [
    "jivox.com"
  ],
  "JobThread": [
    "jobthread.com"
  ],
  "JSE": [
    "freecontent.bid",
    "freecontent.date",
    "freecontent.stream",
    "hashing.win",
    "hostingcloud.racing",
    "hostingcloud.science",
    "jsecoin.com"
  ],
  "JuicyAds": [
    "juicyads.com"
  ],
  "Jumptap": [
    "jumptap.com"
  ],
  "justuno": [
    "justuno.com"
  ],
  "Kaltura": [
    "kaltura.com"
  ],
  "Kargo": [
    "kargo.com"
  ],
  "Kenshoo": [
    "kenshoo.com",
    "xg4ken.com"
  ],
  "Keyade": [
    "keyade.com"
  ],
  "KeyMetric": [
    "keymetric.net"
  ],
  "Keywee": [
    "keywee.co"
  ],
  "kikin": [
    "kikin.com"
  ],
  "KISSmetrics": [
    "kissmetrics.com"
  ],
  "KissMyAds": [
    "kissmyads.com"
  ],
  "Kitara Media": [
    "103092804.com",
    "kitaramedia.com"
  ],
  "Kitcode": [
    "kitcode.net"
  ],
  "KIT digital": [
    "keewurd.com",
    "kitd.com",
    "peerset.com"
  ],
  "Kokteyl": [
    "admost.com",
    "kokteyl.com"
  ],
  "Komli": [
    "komli.com"
  ],
  "Konduto": [
    "k-analytix.com",
    "konduto.com"
  ],
  "Kontera": [
    "kontera.com"
  ],
  "Korrelate": [
    "adsummos.com",
    "adsummos.net",
    "korrelate.com"
  ],
  "Krux": [
    "krux.com",
    "kruxdigital.com",
    "krxd.net"
  ],
  "Lakana": [
    "ibsys.com",
    "lakana.com"
  ],
  "Layer-Ad.org": [
    "layer-ad.org"
  ],
  "Layer Ads": [
    "layer-ads.net"
  ],
  "LeadBolt": [
    "leadbolt.com"
  ],
  "LeadForensics": [
    "leadforensics.com"
  ],
  "LeadFormix": [
    "calliduscloud.com",
    "leadforce1.com",
    "leadformix.com"
  ],
  "LeadsHub": [
    "ztsrv.com"
  ],
  "LeanPlum": [
    "leanplum.com"
  ],
  "Legolas Media": [
    "legolas-media.com"
  ],
  "Levexis": [
    "levexis.com"
  ],
  "Lexos Media": [
    "adbull.com",
    "lexosmedia.com"
  ],
  "LifeStreet": [
    "lfstmedia.com",
    "lifestreetmedia.com"
  ],
  "Limelight Networks": [
    "clickability.com",
    "limelight.com",
    "llnwd.net"
  ],
  "LineZing": [
    "linezing.com"
  ],
  "LinkConnector": [
    "linkconnector.com"
  ],
  "LinkedIn": [
    "licdn.com",
    "linkedin.com"
  ],
  "LinkShare": [
    "linkshare.com",
    "linksynergy.com",
    "rakutenmarketing.com"
  ],
  "Linkz": [
    "linkz.net"
  ],
  "Listrak": [
    "listrak.com",
    "listrakbi.com"
  ],
  "LiveIntent": [
    "liadm.com",
    "liveintent.com"
  ],
  "LiveInternet": [
    "liveinternet.ru",
    "yadro.ru"
  ],
  "LivePerson": [
    "liveperson.com",
    "liveperson.net",
    "nuconomy.com"
  ],
  "LiveRail": [
    "liverail.com"
  ],
  "LiveRamp": [
    "liveramp.com",
    "tvpixel.com"
  ],
  "LKQD": [
    "lkqd.com",
    "lkqd.net"
  ],
  "Local Yokel Media": [
    "localyokelmedia.com"
  ],
  "Localytics": [
    "localytics.com"
  ],
  "LockerDome": [
    "lockerdome.com"
  ],
  "Lockerz": [
    "lockerz.com"
  ],
  "Logdy": [
    "logdy.com"
  ],
  "Longboard Media": [
    "longboardmedia.com"
  ],
  "LongTail Video": [
    "longtailvideo.com",
    "ltassrv.com"
  ],
  "Loomia": [
    "loomia.com"
  ],
  "LoopFuse": [
    "lfov.net",
    "loopfuse.net"
  ],
  "LoopMe": [
    "loopme.com"
  ],
  "Lotame": [
    "crwdcntrl.net",
    "lotame.com"
  ],
  "LotLinx": [
    "lotlinx.com"
  ],
  "Lower My Bills": [
    "lowermybills.com"
  ],
  "lptracker": [
    "lptracker.io"
  ],
  "LucidMedia": [
    "lucidmedia.com"
  ],
  "LuckyOrange": [
    "luckyorange.com",
    "luckyorange.net"
  ],
  "Lynchpin": [
    "lynchpin.com",
    "lypn.com"
  ],
  "Lyris": [
    "aurea.com",
    "clicktracks.com",
    "lyris.com"
  ],
  "Lytiks": [
    "lytiks.com"
  ],
  "m6d": [
    "dstillery.com",
    "m6d.com",
    "media6degrees.com"
  ],
  "Madhouse": [
    "madhouse.cn"
  ],
  "Madison Logic": [
    "dinclinx.com",
    "madisonlogic.com"
  ],
  "madvertise": [
    "madvertise.com"
  ],
  "Magnetic": [
    "domdex.com",
    "domdex.net",
    "magnetic.com",
    "qjex.net"
  ],
  "Magnify360": [
    "dialogmgr.com",
    "magnify360.com"
  ],
  "MailChimp": [
    "campaign-archive1.com",
    "list-manage.com",
    "mailchi.mp",
    "mailchimp.com"
  ],
  "Mail.Ru": [
    "list.ru",
    "mail.ru"
  ],
  "Manifest": [
    "bannerbank.ru",
    "manifest.ru"
  ],
  "Marchex": [
    "industrybrains.com",
    "marchex.com"
  ],
  "Marimedia": [
    "marimedia.net"
  ],
  "MarketGid": [
    "dt00.net",
    "dt07.net",
    "marketgid.com"
  ],
  "Marketo": [
    "marketo.com",
    "marketo.net"
  ],
  "Markit": [
    "markit.com",
    "wsod.com"
  ],
  "MarkMonitor": [
    "9c9media.ca",
    "markmonitor.com"
  ],
  "Marktest": [
    "marktest.com",
    "marktest.pt"
  ],
  "Martini Media": [
    "martiniadnetwork.com",
    "martinimedianetwork.com"
  ],
  "mashero": [
    "mashero.com"
  ],
  "MashLogic": [
    "mashlogic.com"
  ],
  "Match.com": [
    "chemistry.com",
    "match.com",
    "meetic-partners.com"
  ],
  "Matomy": [
    "adnetinteractive.com",
    "adsmarket.com",
    "matomy.com",
    "matomymarket.com",
    "matomymedia.com",
    "mediawhiz.com",
    "optimatic.com",
    "xtendmedia.com"
  ],
  "MaxBounty": [
    "maxbounty.com",
    "mb01.com"
  ],
  "MaxMind": [
    "maxmind.com",
    "mmapiws.com"
  ],
  "MaxPoint": [
    "maxpointinteractive.com",
    "maxusglobal.com",
    "mxptint.net"
  ],
  "McAfee": [
    "mcafee.com",
    "mcafeesecure.com",
    "scanalert.com"
  ],
  "MdotM": [
    "mdotm.com"
  ],
  "MediaBrix": [
    "mediabrix.com"
  ],
  "MediaCom": [
    "mediacom.com"
  ],
  "mediaFORGE": [
    "mediaforge.com"
  ],
  "Medialets": [
    "medialets.com"
  ],
  "MediaMath": [
    "adroitinteractive.com",
    "designbloxlive.com",
    "mathtag.com",
    "mediamath.com"
  ],
  "Médiamétrie-eStat": [
    "estat.com",
    "mediametrie-estat.com"
  ],
  "media.net": [
    "media.net"
  ],
  "Mediaocean": [
    "adbuyer.com",
    "mediaocean.com"
  ],
  "MediaShakers": [
    "media-servers.net",
    "mediashakers.com"
  ],
  "MediaTrust": [
    "mediatrust.com"
  ],
  "Medicx Media Solutions": [
    "medicxmedia.com"
  ],
  "Meebo": [
    "meebo.com",
    "meebocdn.net"
  ],
  "MegaIndex": [
    "megaindex.ru"
  ],
  "Mercadopago": [
    "mercadopago.com"
  ],
  "Mercent": [
    "mercent.com"
  ],
  "MerchantAdvantage": [
    "merchantadvantage.com"
  ],
  "Merchenta": [
    "merchenta.com"
  ],
  "Merkle": [
    "merkleinc.com",
    "rimmkaufman.com",
    "rkdms.com"
  ],
  "Meta Network": [
    "metanetwork.com"
  ],
  "Meteor": [
    "meteorsolutions.com"
  ],
  "MetrixLab": [
    "adoftheyear.com",
    "crm-metrix.com",
    "customerconversio.com",
    "metrixlab.com",
    "opinionbar.com"
  ],
  "MicroAd": [
    "microad.jp",
    "www.microad.jp"
  ],
  "Microsoft": [
    "aadrm.com",
    "adbureau.net",
    "adecn.com",
    "aquantive.com",
    "aspnetcdn.com",
    "assets-yammer.com",
    "azure.com",
    "azureedge.net",
    "bing.com",
    "cloudapp.net",
    "gamesforwindows.com",
    "getgamesmart.com",
    "gfx.ms",
    "healthvault.com",
    "live.com",
    "microsoft.com",
    "microsoftazuread-sso.com",
    "microsoftonline-p.com",
    "microsoftonline-p.net",
    "microsoftonline.com",
    "microsoftstore.com",
    "msads.net",
    "msauthimages.net",
    "msecnd.net",
    "msedge.net",
    "msndirect.com",
    "msocdn.com",
    "netconversions.com",
    "oaspapps.com",
    "office.com",
    "office.net",
    "officelive.com",
    "onenote.net",
    "onestore.ms",
    "onmicrosoft.com",
    "outlook.com",
    "roiservice.com",
    "s-msn.com",
    "sfbassets.com",
    "sharepoint.com",
    "skype.com",
    "skypeassets.com",
    "sway-cdn.com",
    "sway-extensions.com",
    "windows.net",
    "windowsazure.com",
    "yammerusercontent.com"
  ],
  "Millennial Media": [
    "decktrade.com",
    "millennialmedia.com",
    "mydas.mobi"
  ],
  "Mindset Media": [
    "mindset-media.com",
    "mmismm.com"
  ],
  "MinerAlt": [
    "1q2w3.website",
    "analytics.blue",
    "aster18cdn.nl",
    "belicimo.pw",
    "besstahete.info",
    "dinorslick.icu",
    "feesocrald.com",
    "gramombird.com",
    "istlandoll.com",
    "mepirtedic.com",
    "mineralt.io",
    "pampopholf.com",
    "tercabilis.info",
    "tulip18.com",
    "vidzi.tv",
    "yololike.space"
  ],
  "Minescripts": [
    "minescripts.info",
    "sslverify.info"
  ],
  "MineXMR": [
    "minexmr.stream"
  ],
  "Mirando": [
    "mirando.de"
  ],
  "Mixpanel": [
    "mixpanel.com",
    "mxpnl.com"
  ],
  "Mixpo": [
    "mixpo.com"
  ],
  "Moat": [
    "moat.com",
    "moatads.com"
  ],
  "MobFox": [
    "mobfox.com"
  ],
  "Mobials": [
    "mobials.com"
  ],
  "MobileAdTrading": [
    "mobileadtrading.com"
  ],
  "Mobile Meteor": [
    "mobilemeteor.com",
    "showmeinn.com"
  ],
  "Mobile Storm": [
    "mobilestorm.com"
  ],
  "MobVision": [
    "admoda.com",
    "mobvision.com"
  ],
  "Mocean Mobile": [
    "moceanmobile.com"
  ],
  "Mochila": [
    "mochila.com"
  ],
  "Mojiva": [
    "mojiva.com"
  ],
  "Monetate": [
    "monetate.com",
    "monetate.net"
  ],
  "MONETIZEdigital": [
    "cpalead.com"
  ],
  "Monetize More": [
    "monetizemore.com"
  ],
  "Mongoose Metrics": [
    "mongoosemetrics.com"
  ],
  "Monitus": [
    "monitus.net"
  ],
  "Monoloop": [
    "monoloop.com"
  ],
  "Monster": [
    "monster.com"
  ],
  "Moolah Media": [
    "moolah-media.com",
    "moolahmedia.com"
  ],
  "MoPub": [
    "mopub.com"
  ],
  "motigo": [
    "motigo.com",
    "nedstatbasic.net"
  ],
  "Mouseflow": [
    "mouseflow.com"
  ],
  "MovieLush.com": [
    "affbuzzads.com",
    "movielush.com"
  ],
  "mParticle": [
    "mparticle.com"
  ],
  "MTS": [
    "mts.ru"
  ],
  "Multiple Stream Media": [
    "adclickmedia.com",
    "multiplestreammktg.com"
  ],
  "MUNDO Media": [
    "mundomedia.com",
    "silver-path.com"
  ],
  "MyCounter": [
    "mycounter.com.ua"
  ],
  "MyPagerank.Net": [
    "mypagerank.net"
  ],
  "MyPressPlus": [
    "mypressplus.com",
    "ppjol.net"
  ],
  "Mystighty": [
    "mystighty.info",
    "sweeterge.info"
  ],
  "myThings": [
    "mythings.com",
    "mythingsmedia.com"
  ],
  "MyWebGrocer": [
    "mywebgrocer.com"
  ],
  "Nanigans": [
    "nanigans.com"
  ],
  "Narrative": [
    "narrative.io"
  ],
  "NativeAds": [
    "nativeads.com"
  ],
  "Nativo": [
    "nativo.com",
    "postrelease.com"
  ],
  "Navegg": [
    "navdmp.com",
    "navegg.com"
  ],
  "NDN": [
    "newsinc.com"
  ],
  "Negishim": [
    "negishim.org"
  ],
  "NeroHut": [
    "nerohut.com",
    "nhsrv.cf"
  ],
  "NetAffiliation": [
    "netaffiliation.com"
  ],
  "Net Applications": [
    "hitsprocessor.com",
    "netapplications.com"
  ],
  "NetBina": [
    "netbina.com"
  ],
  "NetEase": [
    "126.com",
    "163.com"
  ],
  "NetElixir": [
    "adelixir.com",
    "netelixir.com"
  ],
  "Netmining": [
    "netmining.com",
    "netmng.com"
  ],
  "Net-Results": [
    "cdnma.com",
    "net-results.com",
    "nr7.us"
  ],
  "NetSeer": [
    "netseer.com"
  ],
  "NetShelter": [
    "netshelter.com",
    "netshelter.net",
    "ziffdavistech.com"
  ],
  "Neustar": [
    "adadvisor.net",
    "neustar.biz"
  ],
  "New Relic": [
    "newrelic.com",
    "nr-data.net"
  ],
  "NewsRight": [
    "apnewsregistry.com",
    "newsright.com"
  ],
  "newtention": [
    "newtention.de",
    "newtention.net",
    "newtentionassets.net"
  ],
  "Nexage": [
    "nexage.com"
  ],
  "Nextag": [
    "nextag.com"
  ],
  "NextPerformance": [
    "nextperf.com",
    "nextperformance.com",
    "nxtck.com"
  ],
  "NextSTAT": [
    "nextstat.com"
  ],
  "Nielsen": [
    "glanceguide.com",
    "imrworldwide.com",
    "imrworldwide.net",
    "nielsen.com"
  ],
  "Ninua": [
    "networkedblogs.com",
    "ninua.com"
  ],
  "Nokta": [
    "noktamedya.com",
    "virgul.com"
  ],
  "NowSpots": [
    "nowspots.com"
  ],
  "nrelate": [
    "nrelate.com"
  ],
  "NuDataSecurity": [
    "nudatasecurity.com"
  ],
  "Nuffnang": [
    "nuffnang.com",
    "nuffnang.com.my",
    "www.nuffnang.com.my"
  ],
  "nugg.ad": [
    "nugg.ad",
    "nuggad.net"
  ],
  "nurago": [
    "nurago.com",
    "nurago.de",
    "sensic.net"
  ],
  "Oberon Media": [
    "blaze.com",
    "iwin.com",
    "oberon-media.com"
  ],
  "Observer": [
    "observerapp.com"
  ],
  "Ohana Media": [
    "adohana.com",
    "ohana-media.com",
    "ohanaqb.com"
  ],
  "Omnicom Group": [
    "accuenmedia.com",
    "omnicomgroup.com",
    "p-td.com"
  ],
  "onAd": [
    "onad.eu"
  ],
  "OnAudience": [
    "behavioralengine.com",
    "onaudience.com"
  ],
  "Onclusive": [
    "airpr.com"
  ],
  "OneAd": [
    "guoshipartners.com",
    "onevision.com.tw"
  ],
  "One iota": [
    "itsoneiota.com",
    "oneiota.co.uk"
  ],
  "OneStat": [
    "onestat.com"
  ],
  "Oneupweb": [
    "oneupweb.com",
    "sodoit.com"
  ],
  "OnlineMetrix": [
    "online-metrix.net"
  ],
  "Ooyala": [
    "oo4.com",
    "ooyala.com"
  ],
  "Open New Media": [
    "onm.de"
  ],
  "Openstat": [
    "openstat.com",
    "openstat.ru",
    "spylog.com"
  ],
  "Opentracker": [
    "opentracker.net"
  ],
  "OpenX": [
    "liftdna.com",
    "openx.com",
    "openx.net",
    "openx.org",
    "openxenterprise.com",
    "servedbyopenx.com"
  ],
  "Opera": [
    "mobiletheory.com",
    "opera.com"
  ],
  "Opolen": [
    "opolen.com.br"
  ],
  "OPT": [
    "advg.jp",
    "opt.ne.jp",
    "p-advg.com",
    "www.opt.ne.jp"
  ],
  "Optify": [
    "optify.net"
  ],
  "Optimal": [
    "cpmadvisors.com",
    "cpmatic.com",
    "nprove.com",
    "optim.al",
    "orbengine.com",
    "xa.net"
  ],
  "Optimizely": [
    "optimizely.com"
  ],
  "OptimumResponse": [
    "optimumresponse.com"
  ],
  "OptinMonster": [
    "optinmonster.com",
    "optnmstr.com"
  ],
  "OptMD": [
    "optmd.com"
  ],
  "Oracle": [
    "atgsvcs.com",
    "eloqua.com",
    "estara.com",
    "instantservice.com",
    "istrack.com",
    "maxymiser.com",
    "oracle.com"
  ],
  "OrangeSoda": [
    "orangesoda.com",
    "otracking.com"
  ],
  "Origo": [
    "origo.hu"
  ],
  "Outbrain": [
    "outbrain.com",
    "sphere.com",
    "visualrevenue.com"
  ],
  "Out There Media": [
    "out-there-media.com"
  ],
  "Oversee.net": [
    "dsnextgen.com",
    "oversee.net"
  ],
  "ÖWA": [
    "oewa.at",
    "oewabox.at"
  ],
  "OwnerIQ": [
    "owneriq.com",
    "owneriq.net"
  ],
  "OxaMedia": [
    "adconnexa.com",
    "adsbwm.com",
    "oxamedia.com"
  ],
  "PageFair": [
    "pagefair.com",
    "pagefair.net"
  ],
  "Paid-To-Promote.net": [
    "paid-to-promote.net"
  ],
  "Papaya": [
    "papayamobile.com"
  ],
  "Pardot": [
    "pardot.com"
  ],
  "Parse.ly": [
    "parsely.com"
  ],
  "PayHit": [
    "payhit.com"
  ],
  "PaymentsMB": [
    "paymentsmb.com"
  ],
  "Paypal": [
    "paypal.com",
    "simility.com"
  ],
  "Paypopup.com": [
    "lzjl.com",
    "paypopup.com"
  ],
  "PebblePost": [
    "pbbl.co"
  ],
  "Peer39": [
    "peer39.com",
    "peer39.net"
  ],
  "PeerFly": [
    "peerfly.com"
  ],
  "Peerius": [
    "peerius.com"
  ],
  "Performancing": [
    "performancing.com"
  ],
  "PerimeterX": [
    "perimeterx.com"
  ],
  "Permutive": [
    "permutive.com"
  ],
  "PersianStat.com": [
    "persianstat.com"
  ],
  "Pheedo": [
    "pheedo.com"
  ],
  "Phonalytics": [
    "phonalytics.com"
  ],
  "phpMyVisites": [
    "phpmyvisites.us"
  ],
  "Pictela": [
    "pictela.com",
    "pictela.net"
  ],
  "PinPoll": [
    "pinpoll.com"
  ],
  "Pinterest": [
    "pinimg.com",
    "pinterest.com"
  ],
  "Piwik": [
    "piwik.org"
  ],
  "PixAnalytics": [
    "pixanalytics.com"
  ],
  "Pixel.sg": [
    "pixel.sg"
  ],
  "Piximedia": [
    "piximedia.com"
  ],
  "Pixlee": [
    "pixlee.com"
  ],
  "PLATFORM ONE": [
    "platform-one.co.jp",
    "www.platform-one.co.jp"
  ],
  "plista": [
    "plista.com"
  ],
  "PocketCents": [
    "pocketcents.com"
  ],
  "Polar Mobile": [
    "mediavoice.com",
    "polarmobile.com"
  ],
  "Politads": [
    "politads.com"
  ],
  "Polymorph": [
    "adsnative.com",
    "getpolymorph.com"
  ],
  "Pontiflex": [
    "pontiflex.com"
  ],
  "PopAds": [
    "popads.net",
    "popadscdn.net"
  ],
  "PopRule": [
    "gocampaignlive.com",
    "poprule.com"
  ],
  "Popunder.ru": [
    "popunder.ru"
  ],
  "Po.st": [
    "po.st"
  ],
  "Powerlinks": [
    "powerlinks.com"
  ],
  "PPCProtect": [
    "ppcprotect.com"
  ],
  "PrecisionClick": [
    "precisionclick.com"
  ],
  "PredictAd": [
    "predictad.com"
  ],
  "Pressflex": [
    "blogads.com",
    "pressflex.com"
  ],
  "Prime Visibility": [
    "adcde.com",
    "addlvr.com",
    "adonnetwork.com",
    "adonnetwork.net",
    "adtrgt.com",
    "bannertgt.com",
    "cptgt.com",
    "cpvfeed.com",
    "cpvtgt.com",
    "dashboardad.net",
    "popcde.com",
    "primevisibility.com",
    "sdfje.com",
    "urtbk.com"
  ],
  "Primis": [
    "sekindo.com"
  ],
  "PrismApp": [
    "prismapp.io"
  ],
  "Proclivity": [
    "proclivitymedia.com",
    "proclivitysystems.com",
    "pswec.com"
  ],
  "Project Wonderful": [
    "projectwonderful.com"
  ],
  "PrometheusIntelligenceTechnology": [
    "prometheusintelligencetechnology.com"
  ],
  "Pronunciator": [
    "pronunciator.com",
    "visitorville.com"
  ],
  "Propeller Ads": [
    "propellerads.com"
  ],
  "Prosperent": [
    "prosperent.com"
  ],
  "Protected Media": [
    "ad-score.com",
    "protected.media"
  ],
  "Provers": [
    "provers.pro"
  ],
  "Psonstrentie": [
    "psonstrentie.info"
  ],
  "Public-Idées": [
    "publicidees.com"
  ],
  "Publishers Clearing House": [
    "pch.com"
  ],
  "PubMatic": [
    "pubmatic.com",
    "revinet.com"
  ],
  "PulsePoint": [
    "pulsepoint.com"
  ],
  "PunchTab": [
    "punchtab.com"
  ],
  "quadrantOne": [
    "quadrantone.com"
  ],
  "Quake Marketing": [
    "quakemarketing.com"
  ],
  "Qualaroo": [
    "kissinsights.com",
    "qualaroo.com"
  ],
  "Quantcast": [
    "quantcast.com",
    "quantserve.com"
  ],
  "QuantumAdvertising": [
    "quantum-advertising.com"
  ],
  "QuinStreet": [
    "qnsr.com",
    "qsstats.com",
    "quinstreet.com",
    "thecounter.com"
  ],
  "Quintelligence": [
    "quintelligence.com"
  ],
  "QUISMA": [
    "iaded.com",
    "quisma.com",
    "quismatch.com",
    "xaded.com",
    "xmladed.com"
  ],
  "RadarURL": [
    "radarurl.com"
  ],
  "Radial": [
    "gsicommerce.com",
    "gsimedia.net"
  ],
  "Radiate Media": [
    "gtnetwork.com.au",
    "matchbin.com",
    "radiatemedia.com",
    "solesolution.com"
  ],
  "RadiumOne": [
    "gwallet.com",
    "radiumone.com"
  ],
  "Radius Marketing": [
    "radiusmarketing.com"
  ],
  "Rambler": [
    "rambler.ru"
  ],
  "ReachLocal": [
    "reachlocal.com",
    "rlcdn.net"
  ],
  "React2Media": [
    "react2media.com"
  ],
  "reddit": [
    "reddit.com"
  ],
  "Redux Media": [
    "reduxmedia.com"
  ],
  "Rekko": [
    "convertglobal.com",
    "rekko.com"
  ],
  "Reklamport": [
    "reklamport.com"
  ],
  "Reklam Store": [
    "reklamstore.com"
  ],
  "Reklamz": [
    "reklamz.com"
  ],
  "Relevad": [
    "relestar.com",
    "relevad.com"
  ],
  "Renegade Internet": [
    "advertserve.com",
    "renegadeinternet.com"
  ],
  "Reporo": [
    "buzzcity.com"
  ],
  "Research Now": [
    "researchnow.com",
    "valuedopinions.co.uk"
  ],
  "ResolutionMedia": [
    "nonstoppartner.net"
  ],
  "Resolution Media": [
    "resolutionmedia.com"
  ],
  "Resonate": [
    "reson8.com",
    "resonateinsights.com",
    "resonatenetworks.com"
  ],
  "Responsys": [
    "responsys.com"
  ],
  "Retail Automata": [
    "retailautomata.com"
  ],
  "ReTargeter": [
    "retargeter.com"
  ],
  "Retirement Living": [
    "blvdstatus.com",
    "retirement-living.com"
  ],
  "RevContent": [
    "revcontent.com"
  ],
  "RevenueMax": [
    "revenuemax.de"
  ],
  "Revtracks": [
    "revtrax.com"
  ],
  "Rhythm": [
    "1rx.io",
    "rhythmnewmedia.com",
    "rhythmone.com",
    "rhythmxchange.com",
    "rnmd.net"
  ],
  "RichAudience": [
    "richaudience.com"
  ],
  "RichRelevance": [
    "richrelevance.com"
  ],
  "RightAction": [
    "rightaction.com"
  ],
  "RIM": [
    "global.blackberry.com",
    "laptopverge.com",
    "rim.com",
    "scoreloop.com"
  ],
  "Ringier": [
    "ringier.cz"
  ],
  "RMBN": [
    "rmbn.net",
    "rmbn.ru",
    "traforet.com"
  ],
  "RMM": [
    "rmmonline.com"
  ],
  "Rocket Fuel": [
    "rfihub.com",
    "rfihub.net",
    "rocketfuel.com",
    "ru4.com",
    "xplusone.com"
  ],
  "Rollick": [
    "rollick.io"
  ],
  "RoqAd": [
    "rqtrk.eu"
  ],
  "Rovion": [
    "rovion.com"
  ],
  "Roxr": [
    "clicky.com",
    "getclicky.com",
    "roxr.net",
    "staticstuff.net"
  ],
  "RTBHouse": [
    "creativecdn.com"
  ],
  "rtk": [
    "rtk.io"
  ],
  "RubiconProject": [
    "adsbyisocket.com",
    "isocket.com",
    "rubiconproject.com"
  ],
  "RunAds": [
    "runads.com",
    "rundsp.com"
  ],
  "RuTarget": [
    "rutarget.ru"
  ],
  "Sabavision": [
    "sabavision.com"
  ],
  "Sabre": [
    "reztrack.com",
    "sabre.com",
    "sabrehospitality.com"
  ],
  "Safecount": [
    "dl-rms.com",
    "dlqm.net",
    "questionmarket.com",
    "safecount.net"
  ],
  "SageMetrics": [
    "sageanalyst.net",
    "sagemetrics.com"
  ],
  "Salesforce.com": [
    "documentforce.com",
    "force.com",
    "forcesslreports.com",
    "forceusercontent.com",
    "lightning.com",
    "salesforce-communities.com",
    "salesforce-hub.com",
    "salesforce.com",
    "salesforceliveagent.com",
    "trailblazer.me",
    "visualforce.com"
  ],
  "Salesintelligence": [
    "plugin.management"
  ],
  "Samurai Factory": [
    "samurai-factory.jp",
    "shinobi.jp"
  ],
  "SAP": [
    "sap.com",
    "seewhy.com"
  ],
  "Sapient": [
    "bridgetrack.com",
    "sapient.com"
  ],
  "SAS": [
    "aimatch.com",
    "sas.com"
  ],
  "SAY": [
    "saymedia.com",
    "typepad.com",
    "videoegg.com"
  ],
  "Scandinavian AdNetworks": [
    "scandinavianadnetworks.com"
  ],
  "ScribeFire": [
    "scribefire.com"
  ],
  "Scribol": [
    "scribol.com"
  ],
  "SearchForce": [
    "searchforce.com",
    "searchforce.net"
  ],
  "Seevast": [
    "kanoodle.com",
    "pulse360.com",
    "seevast.com",
    "syndigonetworks.com"
  ],
  "SeeVolution": [
    "seevolution.com",
    "svlu.net"
  ],
  "Segment.io": [
    "segment.io"
  ],
  "Selectable Media": [
    "nabbr.com",
    "selectablemedia.com"
  ],
  "Semantiqo": [
    "semantiqo.com"
  ],
  "Semasio": [
    "semasio.com",
    "semasio.net"
  ],
  "SendPulse": [
    "sendpulse.com"
  ],
  "Service4refresh": [
    "service4refresh.info"
  ],
  "SessionCam": [
    "sessioncam.com"
  ],
  "SevenAds": [
    "sevenads.net"
  ],
  "SexInYourCity": [
    "sexinyourcity.com"
  ],
  "ShaftTraffic": [
    "libertystmedia.com",
    "shafttraffic.com"
  ],
  "Shareaholic": [
    "shareaholic.com"
  ],
  "ShareASale": [
    "shareasale.com"
  ],
  "ShareThis": [
    "sharethis.com"
  ],
  "Sharethrough": [
    "sharethrough.com"
  ],
  "ShinyStat": [
    "shinystat.com"
  ],
  "Shopzilla": [
    "shopzilla.com"
  ],
  "Shortest": [
    "shorte.st"
  ],
  "SiftScience": [
    "siftscience.com"
  ],
  "Signifyd": [
    "signifyd.com"
  ],
  "Silverpop": [
    "mkt51.net",
    "pages05.net",
    "silverpop.com",
    "vtrenz.net"
  ],
  "Simpli.fi": [
    "simpli.fi"
  ],
  "SiteScout": [
    "sitescout.com"
  ],
  "Six Apart": [
    "movabletype.com",
    "sixapart.com"
  ],
  "Skimlinks": [
    "skimlinks.com",
    "skimresources.com"
  ],
  "Skribit": [
    "paulstamatiou.com",
    "skribit.com"
  ],
  "Skupe Net": [
    "adcentriconline.com",
    "skupenet.com"
  ],
  "Slunecnice": [
    "slunecnice.cz"
  ],
  "Smaato": [
    "smaato.com"
  ],
  "SmartAdServer": [
    "sascdn.com",
    "smartadserver.com"
  ],
  "Smartlook": [
    "smartlook.com"
  ],
  "SmartyAds": [
    "smartyads.com"
  ],
  "Smi": [
    "24smi.net"
  ],
  "Smiley Media": [
    "smileymedia.com"
  ],
  "Smowtion": [
    "smowtion.com"
  ],
  "Snap": [
    "snap.com"
  ],
  "SnapEngage": [
    "snapengage.com"
  ],
  "Snoobi": [
    "snoobi.com",
    "snoobi.fi"
  ],
  "SnowplowAnalytics": [
    "snplow.net"
  ],
  "SocialChorus": [
    "halogenmediagroup.com",
    "halogennetwork.com",
    "socialchorus.com"
  ],
  "SocialInterface": [
    "ratevoice.com",
    "socialinterface.com"
  ],
  "SocialNative": [
    "photorank.me"
  ],
  "SocialTwist": [
    "socialtwist.com"
  ],
  "sociomantic labs": [
    "sociomantic.com"
  ],
  "Socital": [
    "socital.com"
  ],
  "Sojern": [
    "sojern.com"
  ],
  "SomoAudience": [
    "somoaudience.com"
  ],
  "Sonobi": [
    "sonobi.com"
  ],
  "sophus3": [
    "sophus3.co.uk",
    "sophus3.com"
  ],
  "Sortable": [
    "deployads.com"
  ],
  "Sourcepoint": [
    "summerhamster.com"
  ],
  "Sovrn": [
    "sovrn.com"
  ],
  "Space Chimp Media": [
    "spacechimpmedia.com"
  ],
  "SpareChange": [
    "sparechange.io"
  ],
  "Sparklit": [
    "adbutler.com",
    "sparklit.com"
  ],
  "Spark Studios": [
    "sparkstudios.com"
  ],
  "Specific Media": [
    "adviva.co.uk",
    "adviva.net",
    "sitemeter.com",
    "specificclick.net",
    "specificmedia.com"
  ],
  "Spectate": [
    "spectate.com"
  ],
  "Sponge": [
    "spongegroup.com"
  ],
  "Spongecell": [
    "spongecell.com"
  ],
  "SponsorAds": [
    "sponsorads.de"
  ],
  "Spot200": [
    "spot200.com"
  ],
  "SpotX": [
    "spotx.tv"
  ],
  "SpotXchange": [
    "spotxcdn.com",
    "spotxchange.com"
  ],
  "Spring Metrics": [
    "springmetrics.com"
  ],
  "SpringServe": [
    "springserve.com"
  ],
  "Sputnik.ru": [
    "sputnik.ru"
  ],
  "StackAdapt": [
    "stackadapt.com"
  ],
  "Stackla": [
    "stackla.com"
  ],
  "StackTrack": [
    "stat-track.com"
  ],
  "StarGames": [
    "stargames.net",
    "stargamesaffiliate.com"
  ],
  "stat4u": [
    "4u.pl"
  ],
  "StatCounter": [
    "statcounter.com"
  ],
  "Statisfy": [
    "statisfy.net"
  ],
  "STATSIT": [
    "statsit.com"
  ],
  "SteelHouse": [
    "steelhouse.com",
    "steelhousemedia.com"
  ],
  "Storeland": [
    "storeland.ru"
  ],
  "Storygize": [
    "storygize.com",
    "storygize.net"
  ],
  "Stratigent": [
    "stratigent.com"
  ],
  "Streamray": [
    "cams.com",
    "streamray.com"
  ],
  "StrikeAd": [
    "strikead.com"
  ],
  "Stripe": [
    "stripe.network"
  ],
  "StrongMail": [
    "popularmedia.com",
    "strongmail.com"
  ],
  "Struq": [
    "struq.com"
  ],
  "StumbleUpon": [
    "stumble-upon.com",
    "stumbleupon.com"
  ],
  "Sublime Skinz": [
    "ayads.co",
    "sublime.xyz"
  ],
  "Suite 66": [
    "suite66.com"
  ],
  "Summit": [
    "summitmedia.co.uk",
    "www.summit.co.uk"
  ],
  "Sunmedia": [
    "sunmedia.tv"
  ],
  "Superfish": [
    "superfish.com"
  ],
  "SupersonicAds": [
    "supersonicads.com"
  ],
  "Survata": [
    "survata.com"
  ],
  "SwiftMining": [
    "swiftmining.win"
  ],
  "Switch": [
    "switchadhub.com",
    "switchads.com",
    "switchconcepts.co.uk",
    "switchconcepts.com"
  ],
  "Swoop": [
    "swoop.com"
  ],
  "SymphonyAM": [
    "factortg.com"
  ],
  "Symplify": [
    "cdn-sitegainer.com",
    "sitegainer.com"
  ],
  "Synacor": [
    "synacor.com"
  ],
  "Syncapse": [
    "clickable.net",
    "syncapse.com"
  ],
  "Syrup Ad": [
    "adotsolution.com"
  ],
  "Taboola": [
    "perfectmarket.com",
    "taboola.com"
  ],
  "Tailsweep": [
    "tailsweep.com"
  ],
  "Taleria": [
    "freeskreen.com"
  ],
  "Tapad": [
    "tapad.com"
  ],
  "Tapgage": [
    "bizmey.com",
    "tapgage.com"
  ],
  "TapIt!": [
    "tapit.com"
  ],
  "Tap.me": [
    "tap.me"
  ],
  "Targetix": [
    "targetix.net"
  ],
  "Tatto Media": [
    "quicknoodles.com",
    "tattomedia.com"
  ],
  "Tchibo": [
    "tchibo.de"
  ],
  "Teadma": [
    "teadma.com"
  ],
  "Teads.tv": [
    "teads.tv"
  ],
  "Tealium": [
    "tealiumiq.com"
  ],
  "Technorati": [
    "technorati.com",
    "technoratimedia.com"
  ],
  "TechSolutions": [
    "techsolutions.com.tw"
  ],
  "TellApart": [
    "tellapart.com",
    "tellapt.com"
  ],
  "Telstra": [
    "sensis.com.au",
    "sensisdata.com.au",
    "sensisdigitalmedia.com.au",
    "telstra.com.au"
  ],
  "TENSQUARE": [
    "tensquare.com"
  ],
  "Terra": [
    "eztargetmedia.com",
    "terra.com.br",
    "www.terra.com.br"
  ],
  "The Heron Partnership": [
    "heronpartners.com.au",
    "marinsm.com",
    "marinsoftware.com"
  ],
  "The Numa Group": [
    "hittail.com",
    "thenumagroup.com"
  ],
  "The Search Agency": [
    "thesearchagency.com",
    "thesearchagency.net"
  ],
  "TheTimesGroup": [
    "clmbtech.com"
  ],
  "The Trade Desk": [
    "adsrvr.org",
    "thetradedesk.com"
  ],
  "ThingLink": [
    "thinglink.com"
  ],
  "Think Realtime": [
    "echosearch.com",
    "esm1.net",
    "thinkrealtime.com"
  ],
  "Thismoment": [
    "thismoment.com"
  ],
  "Thummit": [
    "thummit.com"
  ],
  "Tinder": [
    "carbonads.com",
    "tinder.com"
  ],
  "TiqIQ": [
    "tiqiq.com"
  ],
  "Tisoomi": [
    "adternal.com",
    "tisoomi.com"
  ],
  "TLVMedia": [
    "tlvmedia.com"
  ],
  "TNS": [
    "sesamestats.com",
    "statistik-gallup.net",
    "tns-counter.ru",
    "tns-cs.net",
    "tnsglobal.com"
  ],
  "Todacell": [
    "todacell.com"
  ],
  "ToneFuse": [
    "tonefuse.com"
  ],
  "ToneMedia": [
    "clickfuse.com",
    "tonemedia.com"
  ],
  "tongdun.cn": [
    "fraudmetrix.cn",
    "tongdun.net"
  ],
  "Topsy": [
    "topsy.com"
  ],
  "TouchCommerce": [
    "inq.com",
    "nuance.com",
    "touchcommerce.com"
  ],
  "TowerData": [
    "rapleaf.com",
    "rlcdn.com"
  ],
  "TraceMyIP.org": [
    "tracemyip.org"
  ],
  "TrackingSoft": [
    "roia.biz",
    "trackingsoft.com"
  ],
  "Trackset": [
    "trackset.com"
  ],
  "Tradedoubler": [
    "tradedoubler.com"
  ],
  "TradeTracker": [
    "tradetracker.com",
    "tradetracker.net"
  ],
  "TrafficHaus": [
    "traffichaus.com",
    "traffichouse.com"
  ],
  "TrafficJunky": [
    "trafficjunky.com",
    "trafficjunky.net"
  ],
  "TrafficRevenue": [
    "trafficrevenue.net"
  ],
  "TrafficScore": [
    "trafficscore.com"
  ],
  "Traffiq": [
    "traffiq.com"
  ],
  "Trafmag": [
    "trafmag.com"
  ],
  "Traverse": [
    "traversedlp.com"
  ],
  "Travora Media": [
    "traveladnetwork.com",
    "traveladvertising.com",
    "travoramedia.com"
  ],
  "Tremor Video": [
    "scanscout.com",
    "tmnetads.com",
    "tremorhub.com",
    "tremormedia.com",
    "tremorvideo.com"
  ],
  "Triggit": [
    "triggit.com"
  ],
  "TripleLift": [
    "3lift.com",
    "triplelift.com"
  ],
  "Trovus": [
    "trovus.co.uk",
    "www.trovus.co.uk"
  ],
  "TruEffect": [
    "adlegend.com",
    "trueffect.com"
  ],
  "Trumba": [
    "trumba.com"
  ],
  "TRUSTe": [
    "truste.com"
  ],
  "TrustX": [
    "trustx.org"
  ],
  "TubeMogul": [
    "tmogul.com",
    "tubemogul.com"
  ],
  "TurnTo": [
    "turnto.com",
    "turntonetworks.com"
  ],
  "Tweetboard": [
    "tweetboard.com"
  ],
  "Twelvefold": [
    "buzzlogic.com",
    "twelvefold.com"
  ],
  "Twitter": [
    "ads-twitter.com",
    "fabric.io",
    "tweetdeck.com",
    "twimg.com",
    "twitter.com",
    "twitter.jp"
  ],
  "Twitter Counter": [
    "twittercounter.com"
  ],
  "Twyn Group": [
    "twyn-group.com",
    "twyn.com"
  ],
  "Tyroo": [
    "tyroo.com"
  ],
  "UberMedia": [
    "tweetup.com",
    "ubermedia.com"
  ],
  "UberTags": [
    "ubertags.com"
  ],
  "ucfunnel": [
    "aralego.com",
    "ucfunnel.com"
  ],
  "uCoz": [
    "ucoz.ae",
    "ucoz.br",
    "ucoz.com",
    "ucoz.du",
    "ucoz.fr",
    "ucoz.net",
    "ucoz.ru"
  ],
  "Umbel": [
    "umbel.com"
  ],
  "Unanimis": [
    "unanimis.co.uk",
    "www.unanimis.co.uk"
  ],
  "Unbounce": [
    "unbounce.com"
  ],
  "Underdog Media": [
    "udmserve.net",
    "underdogmedia.com"
  ],
  "Undertone": [
    "undertone.com",
    "undertonenetworks.com",
    "undertonevideo.com"
  ],
  "UniQlick": [
    "51network.com",
    "uniqlick.com",
    "wanmo.com"
  ],
  "Unruly": [
    "unrulymedia.com"
  ],
  "Upland": [
    "leadlander.com",
    "sf14g.com",
    "trackalyzer.com",
    "uplandsoftware.com"
  ],
  "Uptrends": [
    "uptrends.com"
  ],
  "up-value": [
    "up-value.de"
  ],
  "Usability Sciences": [
    "usabilitysciences.com",
    "webiqonline.com"
  ],
  "User Local": [
    "nakanohito.jp"
  ],
  "UserVoice": [
    "uservoice.com"
  ],
  "V12 Data": [
    "v12data.com",
    "v12group.com"
  ],
  "Value Ad": [
    "valuead.com"
  ],
  "Various": [
    "amigos.com",
    "getiton.com",
    "medley.com",
    "nostringsattached.com",
    "various.com"
  ],
  "Vdopia": [
    "ivdopia.com",
    "vdopia.com"
  ],
  "Veeseo": [
    "veeseo.com"
  ],
  "Velocity Media": [
    "adsvelocity.com"
  ],
  "Velti": [
    "mobclix.com",
    "velti.com"
  ],
  "Vemba": [
    "vemba.com"
  ],
  "Venatus Media": [
    "venatusmedia.com"
  ],
  "Vendemore": [
    "vendemore.com"
  ],
  "Vendio": [
    "singlefeed.com",
    "vendio.com"
  ],
  "Veoxa": [
    "veoxa.com"
  ],
  "Veremedia": [
    "veremedia.com"
  ],
  "Vertical Acuity": [
    "verticalacuity.com"
  ],
  "VerticalHealth": [
    "verticalhealth.net"
  ],
  "VerticalResponse": [
    "verticalresponse.com",
    "vresp.com"
  ],
  "Vertster": [
    "vertster.com"
  ],
  "VG WORT": [
    "vgwort.de"
  ],
  "Vibrant Media": [
    "intellitxt.com",
    "picadmedia.com",
    "vibrantmedia.com"
  ],
  "VideoIntelligence": [
    "vi.ai"
  ],
  "Videology": [
    "tidaltv.com",
    "videologygroup.com"
  ],
  "Viewbix": [
    "qoof.com",
    "viewbix.com"
  ],
  "VigLink": [
    "viglink.com"
  ],
  "Vimeo": [
    "vimeo.com",
    "vimeocdn.com"
  ],
  "VINDICO": [
    "vindicogroup.com",
    "vindicosuite.com"
  ],
  "VisibleBrands": [
    "visbrands.com"
  ],
  "Visible Measures": [
    "viewablemedia.net",
    "visiblemeasures.com"
  ],
  "VisiStat": [
    "d.kickfire.com",
    "sa-as.com",
    "visistat.com"
  ],
  "Visit Streamer": [
    "visitstreamer.com"
  ],
  "vistrac": [
    "vistrac.com"
  ],
  "VisualDNA": [
    "vdna-assets.com",
    "visualdna-stats.com",
    "visualdna.com"
  ],
  "ViziSense": [
    "vizisense.com",
    "vizisense.net"
  ],
  "Vizu": [
    "vizu.com"
  ],
  "Vizury": [
    "vizury.com"
  ],
  "VKontakte": [
    "userapi.com",
    "vk.com",
    "vkontakte.ru"
  ],
  "Voice2Page": [
    "voice2page.com"
  ],
  "Vserv": [
    "vserv.com",
    "vserv.mobi"
  ],
  "Vuble": [
    "mediabong.com"
  ],
  "Wahoha": [
    "contentwidgets.net",
    "wahoha.com"
  ],
  "Wayfair": [
    "wayfair.com"
  ],
  "WebAds": [
    "webads.co.uk",
    "www.webads.co.uk"
  ],
  "Webclicktracker": [
    "webclicktracker.com"
  ],
  "Web.com": [
    "feedperfect.com",
    "web.com"
  ],
  "WebediaGroup": [
    "goutee.top"
  ],
  "WebGozar.com": [
    "webgozar.com",
    "webgozar.ir"
  ],
  "Webmecanik": [
    "webmecanik.com"
  ],
  "WebMetro": [
    "dsmmadvantage.com",
    "revanadigital.com",
    "webmetro.com"
  ],
  "Webmine": [
    "authedwebmine.cz",
    "webmine.cz"
  ],
  "WebminePool": [
    "webminepool.com"
  ],
  "Webmining": [
    "webmining.co"
  ],
  "Weborama": [
    "weborama.com",
    "weborama.fr"
  ],
  "WebsiteAlive": [
    "websitealive.com"
  ],
  "Web Stats": [
    "onlinewebstats.com"
  ],
  "Web Tracking Services": [
    "web-stat.com",
    "webtrackingservices.com"
  ],
  "Webtraffic": [
    "webtraffic.no",
    "webtraffic.se"
  ],
  "Web Traxs": [
    "webtraxs.com"
  ],
  "Webtrekk": [
    "webtrekk.com",
    "webtrekk.net"
  ],
  "Webtrends": [
    "reinvigorate.net",
    "webtrends.com",
    "webtrendslive.com"
  ],
  "White Ops": [
    "adxyield.com",
    "adzmath.com",
    "whiteops.com"
  ],
  "whos.amung.us": [
    "amung.us"
  ],
  "WideOrbit": [
    "dep-x.com"
  ],
  "Wingify": [
    "visualwebsiteoptimizer.com",
    "vwo.com",
    "wingify.com"
  ],
  "WiredMinds": [
    "wiredminds.com",
    "wiredminds.de"
  ],
  "Wishabi": [
    "flipp.com",
    "wishabi.com",
    "wishabi.net"
  ],
  "Woopra": [
    "woopra-ns.com",
    "woopra.com"
  ],
  "WordStream": [
    "wordstream.com"
  ],
  "WOW Analytics": [
    "wowanalytics.co.uk"
  ],
  "WPP": [
    "247realmedia.com",
    "accelerator-media.com",
    "acceleratorusa.com",
    "compete.com",
    "decdna.net",
    "decideinteractive.com",
    "gmads.net",
    "groupm.com",
    "kantarmedia.com",
    "mecglobal.com",
    "mindshare.nl",
    "mindshareworld.com",
    "mookie1.com",
    "pm14.com",
    "realmedia.com",
    "targ.ad",
    "themig.com",
    "wpp.com",
    "xaxis.com"
  ],
  "Wysistat": [
    "wysistat.com",
    "wysistat.net"
  ],
  "xAd": [
    "xad.com"
  ],
  "Xertive Media": [
    "admanager-xertive.com",
    "xertivemedia.com"
  ],
  "xplosion interactive": [
    "xplosion.de"
  ],
  "Xrost DS": [
    "adplan-ds.com"
  ],
  "Yabuka": [
    "yabuka.com"
  ],
  "Yahoo!": [
    "adinterax.com",
    "adrevolver.com",
    "bluelithium.com",
    "dapper.net",
    "flickr.com",
    "flurry.com",
    "interclick.com",
    "luminate.com",
    "mybloglog.com",
    "overture.com",
    "pixazza.com",
    "rightmedia.com",
    "rmxads.com",
    "rocketmail.com",
    "secure-adserver.com",
    "staticflickr.com",
    "tumblr.com",
    "yahoo.co.jp",
    "yahoo.com",
    "yahooapis.com",
    "yahooapis.jp",
    "yahoofs.com",
    "yieldmanager.com",
    "yieldmanager.net",
    "yimg.com",
    "yimg.jp",
    "yldmgrimg.net",
    "ymail.com",
    "yuilibrary.com",
    "zenfs.com"
  ],
  "Yandex": [
    "api-maps.yandex.ru",
    "moikrug.ru",
    "web-visor.com",
    "webvisor.org",
    "yandex.by",
    "yandex.com",
    "yandex.com.tr",
    "yandex.ru",
    "yandex.st",
    "yandex.ua"
  ],
  "Ybrant Digital": [
    "addynamix.com",
    "adserverplus.com",
    "brightcom.com",
    "oridian.com",
    "ybrantdigital.com"
  ],
  "YD": [
    "ydworld.com",
    "yieldivision.com"
  ],
  "YellowHammer": [
    "attracto.com",
    "clickhype.com",
    "yellowhammermg.com",
    "yhmg.com"
  ],
  "YellowTracker": [
    "yellowtracker.com"
  ],
  "Yes Ads": [
    "yesads.com"
  ],
  "YieldAds": [
    "yieldads.com"
  ],
  "YieldBids": [
    "ybx.io"
  ],
  "YieldBot": [
    "yldbt.com"
  ],
  "YieldBuild": [
    "yieldbuild.com"
  ],
  "Yieldify": [
    "yieldify.com"
  ],
  "Yieldlab": [
    "yieldlab.de",
    "yieldlab.net"
  ],
  "Yieldmo": [
    "yieldmo.com"
  ],
  "YieldNexus": [
    "ynxs.io"
  ],
  "YOC": [
    "yoc.com"
  ],
  "Yoggrt": [
    "yoggrt.com"
  ],
  "Yotpo": [
    "yotpo.com"
  ],
  "youknowbest": [
    "youknowbest.com"
  ],
  "YSance": [
    "y-track.com"
  ],
  "YuMe": [
    "yume.com",
    "yumenetworks.com"
  ],
  "ZafulAffiliate": [
    "zaful.com"
  ],
  "Zango": [
    "metricsdirect.com",
    "zango.com"
  ],
  "zanox": [
    "buy.at",
    "zanox-affiliate.de",
    "zanox.com"
  ],
  "zapunited": [
    "zaparena.com",
    "zapunited.com"
  ],
  "ZEDO": [
    "zedo.com",
    "zincx.com"
  ],
  "Zefir": [
    "ze-fir.com"
  ],
  "Zemanta": [
    "zemanta.com"
  ],
  "Zendesk": [
    "zendesk.com"
  ],
  "ZestAd": [
    "zestad.com"
  ],
  "Zeta Email Solutions": [
    "insightgrit.com",
    "zetaemailsolutions.com"
  ],
  "Zopim": [
    "zopim.com"
  ],
  "Zumobi": [
    "zumobi.com"
  ],
  "ZypMedia": [
    "extend.tv",
    "zypmedia.com"
  ]
}